timestamp,power,toaster,tv,microwave,exhaust,heater
1649691715,214.29,0,70.00,0,0,0
1649691721,214.97,0,70.00,0,0,0
1649691726,214.35,0,70.00,0,0,0
1649691732,214.82,0,70.00,0,0,0
1649691737,213.55,0,70.00,0,0,0
1649691743,213.49,0,70.00,0,0,0
1649691748,214.42,0,70.00,0,0,0
1649691754,213.97,0,70.00,0,0,0
1649691759,214.17,0,70.00,0,0,0
1649691765,212.91,0,70.00,0,0,0
1649691770,213.35,0,70.00,0,0,0
1649691776,214.90,0,70.00,0,0,0
1649691781,213.50,0,70.00,0,0,0
1649691787,213.41,0,70.00,0,0,0
1649691792,213.44,0,70.00,0,0,0
1649691798,213.27,0,70.00,0,0,0
1649691803,214.91,0,70.00,0,0,0
1649691809,217.81,0,70.00,0,0,0
1649691814,221.24,0,70.00,0,0,0
1649691819,219.50,0,70.00,0,0,0
1649691825,213.48,0,70.00,0,0,0
1649691831,213.02,0,70.00,0,0,0
1649691836,213.91,0,70.00,0,0,0
1649691841,214.08,0,70.00,0,0,0
1649691847,213.78,0,70.00,0,0,0
1649691852,212.25,0,70.00,0,0,0
1649691858,213.52,0,70.00,0,0,0
1649691863,213.25,0,70.00,0,0,0
1649691869,214.08,0,70.00,0,0,0
1649691874,219.82,0,70.00,0,0,0
1649691880,214.23,0,70.00,0,0,0
1649691885,214.75,0,70.00,0,0,0
1649691891,214.09,0,70.00,0,0,0
1649691896,214.48,0,70.00,0,0,0
1649691902,213.69,0,70.00,0,0,0
1649691907,213.32,0,70.00,0,0,0
1649691913,212.59,0,70.00,0,0,0
1649691918,213.27,0,70.00,0,0,0
1649691924,212.90,0,70.00,0,0,0
1649691935,266.92,0,70.00,0,0,0
1649691940,270.39,0,70.00,0,0,0
1649691946,265.94,0,70.00,0,0,0
1649691951,292.42,0,70.00,0,0,0
1649691957,286.84,0,70.00,0,0,0
1649691963,280.17,0,70.00,0,0,0
1649691968,296.39,0,70.00,0,0,0
1649691974,268.98,0,70.00,0,0,0
1649691979,268.04,0,70.00,0,0,0
1649691985,274.26,0,70.00,0,0,0
1649691990,273.59,0,70.00,0,0,0
1649691995,264.69,0,70.00,0,0,0
1649692001,264.65,0,70.00,0,0,0
1649692007,266.20,0,70.00,0,0,0
1649692012,263.72,0,70.00,0,0,0
1649692018,262.39,0,70.00,0,0,0
1649692023,259.17,0,70.00,0,0,0
1649692029,260.77,0,70.00,0,0,0
1649692034,259.96,0,70.00,0,0,0
1649692040,258.80,0,70.00,0,0,0
1649692045,259.09,0,70.00,0,0,0
1649692051,270.53,0,70.00,0,0,0
1649692056,268.98,0,70.00,0,0,0
1649692062,265.38,0,70.00,0,0,0
1649692068,264.32,0,70.00,0,0,0
1649692073,269.47,0,70.00,0,0,0
1649692079,261.96,0,70.00,0,0,0
1649692084,280.22,0,70.00,0,0,0
1649692090,265.74,0,70.00,0,0,0
1649692095,261.42,0,70.00,0,0,0
1649692101,262.72,0,70.00,0,0,0
1649692106,265.13,0,70.00,0,0,0
1649692112,267.69,0,70.00,0,0,0
1649692117,260.07,0,70.00,0,0,0
1649692123,263.85,0,70.00,0,0,0
1649692128,263.18,0,70.00,0,0,0
1649692134,260.20,0,70.00,0,0,0
1649692140,265.48,0,70.00,0,0,0
1649692145,263.35,0,70.00,0,0,0
1649692150,259.79,0,70.00,0,0,0
1649692156,258.46,0,70.00,0,0,0
1649692162,257.02,0,70.00,0,0,0
1649692167,257.42,0,70.00,0,0,0
1649692172,256.58,0,70.00,0,0,0
1649692178,257.39,0,70.00,0,0,0
1649692183,257.65,0,70.00,0,0,0
1649692189,257.36,0,70.00,0,0,0
1649692195,257.13,0,70.00,0,0,0
1649692200,257.57,0,70.00,0,0,0
1649692206,263.49,0,70.00,0,0,0
1649692211,264.47,0,70.00,0,0,0
1649692217,277.86,0,70.00,0,0,0
1649692223,273.47,0,70.00,0,0,0
1649692228,270.90,0,70.00,0,0,0
1649692234,258.49,0,70.00,0,0,0
1649692239,265.76,0,70.00,0,0,0
1649692244,265.13,0,70.00,0,0,0
1649692250,263.92,0,70.00,0,0,0
1649692256,259.63,0,70.00,0,0,0
1649692261,264.59,0,70.00,0,0,0
1649692267,262.93,0,70.00,0,0,0
1649692272,260.80,0,70.00,0,0,0
1649692277,261.11,0,70.00,0,0,0
1649692283,263.60,0,70.00,0,0,0
1649692288,266.63,0,70.00,0,0,0
1649692294,267.47,0,70.00,0,0,0
1649692299,267.09,0,70.00,0,0,0
1649692305,267.47,0,70.00,0,0,0
1649692310,264.45,0,70.00,0,0,0
1649692316,264.43,0,70.00,0,0,0
1649692322,264.76,0,70.00,0,0,0
1649692327,260.47,0,70.00,0,0,0
1649692332,258.41,0,70.00,0,0,0
1649692338,238.34,0,70.00,0,0,0
1649692343,213.64,0,70.00,0,0,0
1649692349,214.18,0,70.00,0,0,0
1649692354,218.09,0,70.00,0,0,0
1649692360,220.06,0,70.00,0,0,0
1649692365,217.69,0,70.00,0,0,0
1649692371,217.91,0,70.00,0,0,0
1649692376,214.80,0,70.00,0,0,0
1649692382,216.17,0,70.00,0,0,0
1649692387,214.47,0,70.00,0,0,0
1649692393,214.08,0,70.00,0,0,0
1649692398,213.98,0,70.00,0,0,0
1649692404,214.28,0,70.00,0,0,0
1649692409,213.71,0,70.00,0,0,0
1649692414,213.28,0,70.00,0,0,0
1649692420,213.57,0,70.00,0,0,0
1649692425,213.13,0,70.00,0,0,0
1649692431,212.94,0,70.00,0,0,0
1649692436,213.46,0,70.00,0,0,0
1649692442,213.08,0,70.00,0,0,0
1649692447,213.72,0,70.00,0,0,0
1649692453,213.34,0,70.00,0,0,0
1649692458,212.72,0,70.00,0,0,0
1649692464,212.70,0,70.00,0,0,0
1649692469,215.38,0,70.00,0,0,0
1649692475,214.21,0,70.00,0,0,0
1649692480,218.07,0,70.00,0,0,0
1649692486,230.54,0,70.00,0,0,0
1649692491,219.19,0,70.00,0,0,0
1649692497,213.70,0,70.00,0,0,0
1649692502,214.75,0,70.00,0,0,0
1649692508,218.56,0,70.00,0,0,0
1649692513,244.40,0,70.00,0,0,0
1649692519,225.70,0,70.00,0,0,0
1649692524,221.01,0,70.00,0,0,0
1649692530,218.61,0,70.00,0,0,0
1649692535,217.04,0,70.00,0,0,0
1649692541,216.64,0,70.00,0,0,0
1649692546,216.41,0,70.00,0,0,0
1649692552,219.24,0,70.00,0,0,0
1649692557,233.11,0,70.00,0,0,0
1649692563,240.91,0,70.00,0,0,0
1649692568,235.96,0,70.00,0,0,0
1649692574,248.42,0,70.00,0,0,0
1649692580,232.01,0,70.00,0,0,0
1649692585,225.49,0,70.00,0,0,0
1649692591,222.43,0,70.00,0,0,0
1649692596,229.05,0,70.00,0,0,0
1649692602,225.83,0,70.00,0,0,0
1649692608,233.90,0,70.00,0,0,0
1649692613,241.78,0,70.00,0,0,0
1649692619,240.14,0,70.00,0,0,0
1649692624,237.76,0,70.00,0,0,0
1649692630,235.89,0,70.00,0,0,0
1649692635,231.37,0,70.00,0,0,0
1649692641,224.14,0,70.00,0,0,0
1649692647,225.99,0,70.00,0,0,0
1649692652,229.74,0,70.00,0,0,0
1649692658,229.93,0,70.00,0,0,0
1649692663,229.30,0,70.00,0,0,0
1649692669,232.56,0,70.00,0,0,0
1649692674,236.06,0,70.00,0,0,0
1649692680,230.10,0,70.00,0,0,0
1649692686,231.40,0,70.00,0,0,0
1649692691,237.15,0,70.00,0,0,0
1649692697,222.77,0,70.00,0,0,0
1649692702,222.58,0,70.00,0,0,0
1649692708,224.11,0,70.00,0,0,0
1649692713,225.08,0,70.00,0,0,0
1649692719,223.25,0,70.00,0,0,0
1649692724,224.02,0,70.00,0,0,0
1649692730,226.07,0,70.00,0,0,0
1649692735,222.53,0,70.00,0,0,0
1649692741,222.71,0,70.00,0,0,0
1649692746,224.96,0,70.00,0,0,0
1649692752,229.19,0,70.00,0,0,0
1649692757,236.20,0,70.00,0,0,0
1649692763,225.17,0,70.00,0,0,0
1649692768,223.57,0,70.00,0,0,0
1649692774,223.39,0,70.00,0,0,0
1649692779,222.75,0,70.00,0,0,0
1649692785,225.70,0,70.00,0,0,0
1649692790,242.56,0,70.00,0,0,0
1649692796,239.97,0,70.00,0,0,0
1649692801,238.55,0,70.00,0,0,0
1649692807,226.49,0,70.00,0,0,0
1649692812,220.93,0,70.00,0,0,0
1649692818,225.42,0,70.00,0,0,0
1649692823,220.81,0,70.00,0,0,0
1649692829,224.67,0,70.00,0,0,0
1649692834,241.99,0,70.00,0,0,0
1649692840,240.51,0,70.00,0,0,0
1649692846,244.99,0,70.00,0,0,0
1649692851,243.46,0,70.00,0,0,0
1649692857,224.37,0,70.00,0,0,0
1649692863,225.31,0,70.00,0,0,0
1649692868,222.79,0,70.00,0,0,0
1649692874,221.90,0,70.00,0,0,0
1649692879,222.07,0,70.00,0,0,0
1649692885,222.59,0,70.00,0,0,0
1649692890,222.25,0,70.00,0,0,0
1649692897,222.05,0,70.00,0,0,0
1649692902,223.12,0,70.00,0,0,0
1649692908,222.49,0,70.00,0,0,0
1649692913,220.52,0,70.00,0,0,0
1649692919,228.47,0,70.00,0,0,0
1649692924,228.04,0,70.00,0,0,0
1649692930,218.06,0,70.00,0,0,0
1649692936,223.80,0,70.00,0,0,0
1649692941,244.13,0,70.00,0,0,0
1649692947,238.57,0,70.00,0,0,0
1649692952,239.06,0,70.00,0,0,0
1649692958,236.96,0,70.00,0,0,0
1649692964,234.81,0,70.00,0,0,0
1649692969,237.89,0,70.00,0,0,0
1649692975,237.99,0,70.00,0,0,0
1649692980,234.69,0,70.00,0,0,0
1649692986,232.00,0,70.00,0,0,0
1649692991,233.71,0,70.00,0,0,0
1649692997,224.12,0,70.00,0,0,0
1649693002,221.48,0,70.00,0,0,0
1649693008,223.46,0,70.00,0,0,0
1649693013,226.39,0,70.00,0,0,0
1649693019,223.35,0,70.00,0,0,0
1649693024,221.68,0,70.00,0,0,0
1649693030,235.92,0,70.00,0,0,0
1649693036,226.56,0,70.00,0,0,0
1649693041,223.19,0,70.00,0,0,0
1649693047,225.25,0,70.00,0,0,0
1649693052,222.05,0,70.00,0,0,0
1649693058,222.11,0,70.00,0,0,0
1649693063,222.57,0,70.00,0,0,0
1649693069,222.49,0,70.00,0,0,0
1649693074,227.16,0,70.00,0,0,0
1649693080,235.91,0,70.00,0,0,0
1649693085,227.10,0,70.00,0,0,0
1649693091,239.69,0,70.00,0,0,0
1649693102,225.47,0,70.00,0,0,0
1649693108,226.21,0,70.00,0,0,0
1649693113,226.33,0,70.00,0,0,0
1649693119,231.96,0,70.00,0,0,0
1649693124,242.13,0,70.00,0,0,0
1649693130,238.42,0,70.00,0,0,0
1649693135,237.43,0,70.00,0,0,0
1649693141,228.61,0,70.00,0,0,0
1649693146,227.24,0,70.00,0,0,0
1649693152,226.18,0,70.00,0,0,0
1649693157,226.48,0,70.00,0,0,0
1649693163,226.23,0,70.00,0,0,0
1649693169,224.73,0,70.00,0,0,0
1649693174,223.75,0,70.00,0,0,0
1649693180,223.51,0,70.00,0,0,0
1649693185,223.74,0,70.00,0,0,0
1649693191,236.41,0,70.00,0,0,0
1649693197,227.72,0,70.00,0,0,0
1649693202,232.81,0,70.00,0,0,0
1649693208,238.80,0,70.00,0,0,0
1649693213,238.44,0,70.00,0,0,0
1649693219,223.62,0,70.00,0,0,0
1649693224,219.61,0,70.00,0,0,0
1649693230,219.66,0,70.00,0,0,0
1649693235,219.78,0,70.00,0,0,0
1649693246,1206.19,1000.00,70.00,0,0,0
1649693252,1205.12,1000.00,70.00,0,0,0
1649693257,1202.94,1000.00,70.00,0,0,0
1649693263,1210.88,1000.00,70.00,0,0,0
1649693268,1199.33,1000.00,70.00,0,0,0
1649693274,1200.73,1000.00,70.00,0,0,0
1649693279,1197.69,1000.00,70.00,0,0,0
1649693285,1223.60,1000.00,70.00,0,0,0
1649693290,1211.77,1000.00,70.00,0,0,0
1649693297,1215.57,1000.00,70.00,0,0,0
1649693303,1211.33,1000.00,70.00,0,0,0
1649693308,1212.59,1000.00,70.00,0,0,0
1649693320,1231.15,1000.00,70.00,0,0,0
1649693325,1220.07,1000.00,70.00,0,0,0
1649693332,1204.03,1000.00,70.00,0,0,0
1649693338,1205.22,1000.00,70.00,0,0,0
1649693343,1214.51,1000.00,70.00,0,0,0
1649693349,1200.20,1000.00,70.00,0,0,0
1649693354,1198.62,1000.00,70.00,0,0,0
1649693360,1197.81,1000.00,70.00,0,0,0
1649693366,1207.76,1000.00,70.00,0,0,0
1649693371,1205.77,1000.00,70.00,0,0,0
1649693377,1197.99,1000.00,70.00,0,0,0
1649693382,1199.22,1000.00,70.00,0,0,0
1649693388,1201.39,1000.00,70.00,0,0,0
1649693399,228.95,0,70.00,0,0,0
1649693404,225.19,0,70.00,0,0,0
1649693410,219.46,0,70.00,0,0,0
1649693415,220.10,0,70.00,0,0,0
1649693421,222.84,0,70.00,0,0,0
1649693426,220.62,0,70.00,0,0,0
1649693432,217.57,0,70.00,0,0,0
1649693437,221.96,0,70.00,0,0,0
1649693443,228.09,0,70.00,0,0,0
1649693448,218.07,0,70.00,0,0,0
1649693454,216.77,0,70.00,0,0,0
1649693460,216.84,0,70.00,0,0,0
1649693465,220.44,0,70.00,0,0,0
1649693471,217.72,0,70.00,0,0,0
1649693476,217.39,0,70.00,0,0,0
1649693482,220.56,0,70.00,0,0,0
1649693487,229.62,0,70.00,0,0,0
1649693493,220.87,0,70.00,0,0,0
1649693498,221.12,0,70.00,0,0,0
1649693509,267.81,0,70.00,0,0,0
1649693515,268.57,0,70.00,0,0,0
1649693520,267.84,0,70.00,0,0,0
1649693526,268.35,0,70.00,0,0,0
1649693531,269.28,0,70.00,0,0,0
1649693537,269.69,0,70.00,0,0,0
1649693543,281.33,0,70.00,0,0,0
1649693548,286.30,0,70.00,0,0,0
1649693554,279.69,0,70.00,0,0,0
1649693559,285.25,0,70.00,0,0,0
1649693565,283.26,0,70.00,0,0,0
1649693571,268.59,0,70.00,0,0,0
1649693576,294.52,0,70.00,0,0,0
1649693582,293.74,0,70.00,0,0,0
1649693587,286.33,0,70.00,0,0,0
1649693593,288.29,0,70.00,0,0,0
1649693598,281.14,0,70.00,0,0,0
1649693604,279.73,0,70.00,0,0,0
1649693609,278.40,0,70.00,0,0,0
1649693615,267.23,0,70.00,0,0,0
1649693621,261.35,0,70.00,0,0,0
1649693626,260.31,0,70.00,0,0,0
1649693632,260.09,0,70.00,0,0,0
1649693637,273.94,0,70.00,0,0,0
1649693643,284.41,0,70.00,0,0,0
1649693648,281.04,0,70.00,0,0,0
1649693654,276.47,0,70.00,0,0,0
1649693659,276.57,0,70.00,0,0,0
1649693665,266.58,0,70.00,0,0,0
1649693670,264.29,0,70.00,0,0,0
1649693676,266.47,0,70.00,0,0,0
1649693681,274.29,0,70.00,0,0,0
1649693687,259.69,0,70.00,0,0,0
1649693692,262.73,0,70.00,0,0,0
1649693698,265.97,0,70.00,0,0,0
1649693703,261.54,0,70.00,0,0,0
1649693709,274.20,0,70.00,0,0,0
1649693714,283.85,0,70.00,0,0,0
1649693720,279.16,0,70.00,0,0,0
1649693726,276.24,0,70.00,0,0,0
1649693731,271.80,0,70.00,0,0,0
1649693737,260.25,0,70.00,0,0,0
1649693742,260.65,0,70.00,0,0,0
1649693748,262.39,0,70.00,0,0,0
1649693753,263.26,0,70.00,0,0,0
1649693759,265.03,0,70.00,0,0,0
1649693764,259.58,0,70.00,0,0,0
1649693770,259.12,0,70.00,0,0,0
1649693775,258.82,0,70.00,0,0,0
1649693781,258.78,0,70.00,0,0,0
1649693786,263.11,0,70.00,0,0,0
1649693792,262.25,0,70.00,0,0,0
1649693797,260.45,0,70.00,0,0,0
1649693803,259.02,0,70.00,0,0,0
1649693808,263.25,0,70.00,0,0,0
1649693814,266.11,0,70.00,0,0,0
1649693819,264.22,0,70.00,0,0,0
1649693825,275.66,0,70.00,0,0,0
1649693830,263.85,0,70.00,0,0,0
1649693836,257.57,0,70.00,0,0,0
1649693841,256.22,0,70.00,0,0,0
1649693847,257.25,0,70.00,0,0,0
1649693852,256.64,0,70.00,0,0,0
1649693858,256.80,0,70.00,0,0,0
1649693863,261.20,0,70.00,0,0,0
1649693869,264.49,0,70.00,0,0,0
1649693874,265.56,0,70.00,0,0,0
1649693880,265.07,0,70.00,0,0,0
1649693885,263.10,0,70.00,0,0,0
1649693891,264.52,0,70.00,0,0,0
1649693896,253.76,0,70.00,0,0,0
1649693902,223.73,0,70.00,0,0,0
1649693907,215.42,0,70.00,0,0,0
1649693913,216.22,0,70.00,0,0,0
1649693918,215.82,0,70.00,0,0,0
1649693924,213.09,0,70.00,0,0,0
1649693929,213.26,0,70.00,0,0,0
1649693934,213.51,0,70.00,0,0,0
1649693940,213.44,0,70.00,0,0,0
1649693946,215.71,0,70.00,0,0,0
1649693951,216.18,0,70.00,0,0,0
1649693957,216.05,0,70.00,0,0,0
1649693962,219.08,0,70.00,0,0,0
1649693968,218.93,0,70.00,0,0,0
1649693973,221.20,0,70.00,0,0,0
1649693979,215.88,0,70.00,0,0,0
1649693984,217.14,0,70.00,0,0,0
1649693993,216.49,0,70.00,0,0,0
1649694002,215.91,0,70.00,0,0,0
1649694008,216.24,0,70.00,0,0,0
1649694013,216.01,0,70.00,0,0,0
1649694019,216.78,0,70.00,0,0,0
1649694024,215.62,0,70.00,0,0,0
1649694030,215.39,0,70.00,0,0,0
1649694035,215.28,0,70.00,0,0,0
1649694041,215.01,0,70.00,0,0,0
1649694046,215.41,0,70.00,0,0,0
1649694052,214.75,0,70.00,0,0,0
1649694057,215.22,0,70.00,0,0,0
1649694063,214.89,0,70.00,0,0,0
1649694068,215.14,0,70.00,0,0,0
1649694074,214.85,0,70.00,0,0,0
1649694079,214.38,0,70.00,0,0,0
1649694085,214.31,0,70.00,0,0,0
1649694090,214.00,0,70.00,0,0,0
1649694096,214.39,0,70.00,0,0,0
1649694102,213.47,0,70.00,0,0,0
1649694107,213.29,0,70.00,0,0,0
1649694113,217.68,0,70.00,0,0,0
1649694118,213.60,0,70.00,0,0,0
1649694124,213.45,0,70.00,0,0,0
1649694129,213.26,0,70.00,0,0,0
1649694135,213.61,0,70.00,0,0,0
1649694140,213.13,0,70.00,0,0,0
1649694146,214.01,0,70.00,0,0,0
1649694151,213.36,0,70.00,0,0,0
1649694157,213.83,0,70.00,0,0,0
1649694162,213.69,0,70.00,0,0,0
1649694168,214.35,0,70.00,0,0,0
1649694173,213.43,0,70.00,0,0,0
1649694179,214.15,0,70.00,0,0,0
1649694184,213.07,0,70.00,0,0,0
1649694189,213.05,0,70.00,0,0,0
1649694195,213.76,0,70.00,0,0,0
1649694200,212.00,0,70.00,0,0,0
1649694206,213.03,0,70.00,0,0,0
1649694211,212.99,0,70.00,0,0,0
1649694217,212.76,0,70.00,0,0,0
1649694222,212.90,0,70.00,0,0,0
1649694228,211.97,0,70.00,0,0,0
1649694233,212.79,0,70.00,0,0,0
1649694239,212.87,0,70.00,0,0,0
1649694244,212.89,0,70.00,0,0,0
1649694249,212.62,0,70.00,0,0,0
1649694255,216.23,0,70.00,0,0,0
1649694260,215.60,0,70.00,0,0,0
1649694266,212.36,0,70.00,0,0,0
1649694271,213.95,0,70.00,0,0,0
1649694277,212.57,0,70.00,0,0,0
1649694282,212.40,0,70.00,0,0,0
1649694288,212.66,0,70.00,0,0,0
1649694293,212.63,0,70.00,0,0,0
1649694299,212.68,0,70.00,0,0,0
1649694304,213.43,0,70.00,0,0,0
1649694310,213.95,0,70.00,0,0,0
1649694315,213.17,0,70.00,0,0,0
1649694321,212.99,0,70.00,0,0,0
1649694326,212.78,0,70.00,0,0,0
1649694332,212.14,0,70.00,0,0,0
1649694337,218.24,0,70.00,0,0,0
1649694343,222.86,0,70.00,0,0,0
1649694348,219.88,0,70.00,0,0,0
1649694354,225.17,0,70.00,0,0,0
1649694359,224.41,0,70.00,0,0,0
1649694365,213.27,0,70.00,0,0,0
1649694370,212.32,0,70.00,0,0,0
1649694376,221.80,0,70.00,0,0,0
1649694381,229.19,0,70.00,0,0,0
1649694387,223.26,0,70.00,0,0,0
1649694392,219.13,0,70.00,0,0,0
1649694398,221.87,0,70.00,0,0,0
1649694404,219.74,0,70.00,0,0,0
1649694409,218.90,0,70.00,0,0,0
1649694414,218.62,0,70.00,0,0,0
1649694420,224.46,0,70.00,0,0,0
1649694426,225.30,0,70.00,0,0,0
1649694431,217.61,0,70.00,0,0,0
1649694437,225.01,0,70.00,0,0,0
1649694442,218.92,0,70.00,0,0,0
1649694448,216.99,0,70.00,0,0,0
1649694453,213.94,0,70.00,0,0,0
1649694458,213.10,0,70.00,0,0,0
1649694464,213.04,0,70.00,0,0,0
1649694469,214.41,0,70.00,0,0,0
1649694475,217.06,0,70.00,0,0,0
1649694480,213.65,0,70.00,0,0,0
1649694486,214.79,0,70.00,0,0,0
1649694491,218.14,0,70.00,0,0,0
1649694497,227.86,0,70.00,0,0,0
1649694502,219.94,0,70.00,0,0,0
1649694508,223.06,0,70.00,0,0,0
1649694513,215.69,0,70.00,0,0,0
1649694519,213.56,0,70.00,0,0,0
1649694524,218.00,0,70.00,0,0,0
1649694530,220.43,0,70.00,0,0,0
1649694535,219.97,0,70.00,0,0,0
1649694541,219.11,0,70.00,0,0,0
1649694546,214.04,0,70.00,0,0,0
1649694552,218.58,0,70.00,0,0,0
1649694557,219.91,0,70.00,0,0,0
1649694563,219.80,0,70.00,0,0,0
1649694568,217.72,0,70.00,0,0,0
1649694574,218.57,0,70.00,0,0,0
1649694579,218.32,0,70.00,0,0,0
1649694585,220.70,0,70.00,0,0,0
1649694590,217.43,0,70.00,0,0,0
1649694596,216.41,0,70.00,0,0,0
1649694601,215.11,0,70.00,0,0,0
1649694607,213.75,0,70.00,0,0,0
1649694612,212.97,0,70.00,0,0,0
1649694618,213.71,0,70.00,0,0,0
1649694623,214.09,0,70.00,0,0,0
1649694629,214.45,0,70.00,0,0,0
1649694634,213.19,0,70.00,0,0,0
1649694640,216.97,0,70.00,0,0,0
1649694645,267.10,0,70.00,0,0,0
1649694651,271.01,0,70.00,0,0,0
1649694656,282.94,0,70.00,0,0,0
1649694661,294.98,0,70.00,0,0,0
1649694667,309.78,0,70.00,0,0,0
1649694673,292.41,0,70.00,0,0,0
1649694678,289.27,0,70.00,0,0,0
1649694684,273.96,0,70.00,0,0,0
1649694689,266.21,0,70.00,0,0,0
1649694695,272.48,0,70.00,0,0,0
1649694701,272.38,0,70.00,0,0,0
1649694706,275.58,0,70.00,0,0,0
1649694712,292.53,0,70.00,0,0,0
1649694717,286.87,0,70.00,0,0,0
1649694723,279.04,0,70.00,0,0,0
1649694728,271.59,0,70.00,0,0,0
1649694734,273.41,0,70.00,0,0,0
1649694740,268.90,0,70.00,0,0,0
1649694745,268.89,0,70.00,0,0,0
1649694751,260.13,0,70.00,0,0,0
1649694756,260.23,0,70.00,0,0,0
1649694762,262.99,0,70.00,0,0,0
1649694767,271.18,0,70.00,0,0,0
1649694772,258.40,0,70.00,0,0,0
1649694778,260.01,0,70.00,0,0,0
1649694783,261.64,0,70.00,0,0,0
1649694789,256.25,0,70.00,0,0,0
1649694794,256.50,0,70.00,0,0,0
1649694800,255.32,0,70.00,0,0,0
1649694805,255.68,0,70.00,0,0,0
1649694811,255.15,0,70.00,0,0,0
1649694816,255.78,0,70.00,0,0,0
1649694822,255.53,0,70.00,0,0,0
1649694827,255.49,0,70.00,0,0,0
1649694833,266.74,0,70.00,0,0,0
1649694838,280.91,0,70.00,0,0,0
1649694843,272.16,0,70.00,0,0,0
1649694849,282.98,0,70.00,0,0,0
1649694855,273.27,0,70.00,0,0,0
1649694860,265.32,0,70.00,0,0,0
1649694866,268.41,0,70.00,0,0,0
1649694871,277.30,0,70.00,0,0,0
1649694877,257.42,0,70.00,0,0,0
1649694882,262.95,0,70.00,0,0,0
1649694888,260.90,0,70.00,0,0,0
1649694893,254.95,0,70.00,0,0,0
1649694898,260.55,0,70.00,0,0,0
1649694904,264.73,0,70.00,0,0,0
1649694909,258.94,0,70.00,0,0,0
1649694915,260.49,0,70.00,0,0,0
1649694920,255.67,0,70.00,0,0,0
1649694926,258.97,0,70.00,0,0,0
1649694931,258.24,0,70.00,0,0,0
1649694937,254.19,0,70.00,0,0,0
1649694942,255.19,0,70.00,0,0,0
1649694948,255.29,0,70.00,0,0,0
1649694953,254.70,0,70.00,0,0,0
1649694959,256.45,0,70.00,0,0,0
1649694964,256.09,0,70.00,0,0,0
1649694970,255.87,0,70.00,0,0,0
1649694975,255.24,0,70.00,0,0,0
1649694981,258.27,0,70.00,0,0,0
1649694986,255.38,0,70.00,0,0,0
1649694992,255.46,0,70.00,0,0,0
1649694997,254.87,0,70.00,0,0,0
1649695003,254.27,0,70.00,0,0,0
1649695008,254.94,0,70.00,0,0,0
1649695014,254.71,0,70.00,0,0,0
1649695019,258.18,0,70.00,0,0,0
1649695025,256.65,0,70.00,0,0,0
1649695030,263.55,0,70.00,0,0,0
1649695036,271.16,0,70.00,0,0,0
1649695041,266.73,0,70.00,0,0,0
1649695047,282.24,0,70.00,0,0,0
1649695053,277.91,0,70.00,0,0,0
1649695058,260.38,0,70.00,0,0,0
1649695064,263.83,0,70.00,0,0,0
1649695069,261.86,0,70.00,0,0,0
1649695075,257.10,0,70.00,0,0,0
1649695080,255.70,0,70.00,0,0,0
1649695086,256.18,0,70.00,0,0,0
1649695091,255.83,0,70.00,0,0,0
1649695097,257.28,0,70.00,0,0,0
1649695102,256.08,0,70.00,0,0,0
1649695108,258.29,0,70.00,0,0,0
1649695113,264.16,0,70.00,0,0,0
1649695119,258.58,0,70.00,0,0,0
1649695125,268.30,0,70.00,0,0,0
1649695130,264.53,0,70.00,0,0,0
1649695135,271.28,0,70.00,0,0,0
1649695141,260.47,0,70.00,0,0,0
1649695146,262.59,0,70.00,0,0,0
1649695152,269.65,0,70.00,0,0,0
1649695157,261.96,0,70.00,0,0,0
1649695163,262.78,0,70.00,0,0,0
1649695169,260.97,0,70.00,0,0,0
1649695174,262.91,0,70.00,0,0,0
1649695180,265.41,0,70.00,0,0,0
1649695185,259.39,0,70.00,0,0,0
1649695191,255.77,0,70.00,0,0,0
1649695196,255.92,0,70.00,0,0,0
1649695201,257.23,0,70.00,0,0,0
1649695207,256.70,0,70.00,0,0,0
1649695212,256.05,0,70.00,0,0,0
1649695218,256.39,0,70.00,0,0,0
1649695223,255.40,0,70.00,0,0,0
1649695229,255.35,0,70.00,0,0,0
1649695240,1615.98,0,70.00,1300.00,0,0
1649695245,1606.46,0,70.00,1300.00,0,0
1649695257,1607.93,0,70.00,1300.00,0,0
1649695262,1597.46,0,70.00,1300.00,0,0
1649695267,1598.90,0,70.00,1300.00,0,0
1649695273,1595.22,0,70.00,1300.00,0,0
1649695285,1660.52,0,70.00,1300.00,0,0
1649695290,1646.70,0,70.00,1300.00,0,0
1649695296,1657.43,0,70.00,1300.00,0,0
1649695307,341.15,0,70.00,0,0,0
1649695313,333.01,0,70.00,0,0,0
1649695318,332.22,0,70.00,0,0,0
1649695324,333.65,0,70.00,0,0,0
1649695329,324.32,0,70.00,0,0,0
1649695335,312.09,0,70.00,0,0,0
1649695340,311.68,0,70.00,0,0,0
1649695346,316.83,0,70.00,0,0,0
1649695351,311.87,0,70.00,0,0,0
1649695357,310.44,0,70.00,0,0,0
1649695362,311.36,0,70.00,0,0,0
1649695368,310.07,0,70.00,0,0,0
1649695373,312.49,0,70.00,0,0,0
1649695379,314.68,0,70.00,0,0,0
1649695384,309.33,0,70.00,0,0,0
1649695390,309.39,0,70.00,0,0,0
1649695395,317.96,0,70.00,0,0,0
1649695401,307.70,0,70.00,0,0,0
1649695406,307.97,0,70.00,0,0,0
1649695412,307.90,0,70.00,0,0,0
1649695417,309.07,0,70.00,0,0,0
1649695423,307.12,0,70.00,0,0,0
1649695428,307.44,0,70.00,0,0,0
1649695433,307.21,0,70.00,0,0,0
1649695439,309.24,0,70.00,0,0,0
1649695444,308.93,0,70.00,0,0,0
1649695450,306.73,0,70.00,0,0,0
1649695455,307.41,0,70.00,0,0,0
1649695461,313.78,0,70.00,0,0,0
1649695466,307.96,0,70.00,0,0,0
1649695472,307.62,0,70.00,0,0,0
1649695477,309.84,0,70.00,0,0,0
1649695483,309.71,0,70.00,0,0,0
1649695489,307.74,0,70.00,0,0,0
1649695494,307.16,0,70.00,0,0,0
1649695500,308.14,0,70.00,0,0,0
1649695505,309.76,0,70.00,0,0,0
1649695511,309.22,0,70.00,0,0,0
1649695516,306.39,0,70.00,0,0,0
1649695521,306.35,0,70.00,0,0,0
1649695527,306.74,0,70.00,0,0,0
1649695532,306.60,0,70.00,0,0,0
1649695538,306.72,0,70.00,0,0,0
1649695544,307.69,0,70.00,0,0,0
1649695549,306.46,0,70.00,0,0,0
1649695554,306.79,0,70.00,0,0,0
1649695560,315.90,0,70.00,0,0,0
1649695565,323.31,0,70.00,0,0,0
1649695571,317.16,0,70.00,0,0,0
1649695576,309.15,0,70.00,0,0,0
1649695582,307.67,0,70.00,0,0,0
1649695587,306.46,0,70.00,0,0,0
1649695593,306.95,0,70.00,0,0,0
1649695598,315.29,0,70.00,0,0,0
1649695604,317.20,0,70.00,0,0,0
1649695609,316.13,0,70.00,0,0,0
1649695615,314.70,0,70.00,0,0,0
1649695620,308.78,0,70.00,0,0,0
1649695626,307.72,0,70.00,0,0,0
1649695631,315.68,0,70.00,0,0,0
1649695637,316.12,0,70.00,0,0,0
1649695642,310.40,0,70.00,0,0,0
1649695648,310.86,0,70.00,0,0,0
1649695653,312.39,0,70.00,0,0,0
1649695659,312.41,0,70.00,0,0,0
1649695664,311.10,0,70.00,0,0,0
1649695670,326.17,0,70.00,0,0,0
1649695675,312.09,0,70.00,0,0,0
1649695681,307.65,0,70.00,0,0,0
1649695686,265.46,0,70.00,0,0,0
1649695692,268.01,0,70.00,0,0,0
1649695697,275.10,0,70.00,0,0,0
1649695703,288.90,0,70.00,0,0,0
1649695708,269.09,0,70.00,0,0,0
1649695714,268.96,0,70.00,0,0,0
1649695719,270.53,0,70.00,0,0,0
1649695725,271.02,0,70.00,0,0,0
1649695730,274.41,0,70.00,0,0,0
1649695736,274.78,0,70.00,0,0,0
1649695741,273.48,0,70.00,0,0,0
1649695747,280.22,0,70.00,0,0,0
1649695752,274.01,0,70.00,0,0,0
1649695758,282.22,0,70.00,0,0,0
1649695764,292.38,0,70.00,0,0,0
1649695769,300.71,0,70.00,0,0,0
1649695784,290.47,0,70.00,0,0,0
1649695786,282.53,0,70.00,0,0,0
1649695792,295.01,0,70.00,0,0,0
1649695799,298.49,0,70.00,0,0,0
1649695805,303.66,0,70.00,0,0,0
1649695810,329.50,0,70.00,0,0,0
1649695816,342.59,0,70.00,0,0,0
1649695822,342.90,0,70.00,0,0,0
1649695827,343.62,0,70.00,0,0,0
1649695833,330.40,0,70.00,0,0,0
1649695838,345.74,0,70.00,0,0,0
1649695844,339.77,0,70.00,0,0,0
1649695850,298.38,0,70.00,0,0,0
1649695855,329.22,0,70.00,0,0,0
1649695861,331.52,0,70.00,0,0,0
1649695867,331.25,0,70.00,0,0,0
1649695872,334.82,0,70.00,0,0,0
1649695878,331.10,0,70.00,0,0,0
1649695884,328.03,0,70.00,0,0,0
1649695890,329.78,0,70.00,0,0,0
1649695895,326.87,0,70.00,0,0,0
1649695901,331.16,0,70.00,0,0,0
1649695907,329.14,0,70.00,0,0,0
1649695912,333.09,0,70.00,0,0,0
1649695918,326.71,0,70.00,0,0,0
1649695924,325.51,0,70.00,0,0,0
1649695929,324.99,0,70.00,0,0,0
1649695935,325.97,0,70.00,0,0,0
1649695941,326.14,0,70.00,0,0,0
1649695947,325.42,0,70.00,0,0,0
1649695952,329.58,0,70.00,0,0,0
1649695958,328.31,0,70.00,0,0,0
1649695964,328.71,0,70.00,0,0,0
1649695969,327.12,0,70.00,0,0,0
1649695975,327.44,0,70.00,0,0,0
1649695981,328.63,0,70.00,0,0,0
1649695986,329.59,0,70.00,0,0,0
1649695992,328.43,0,70.00,0,0,0
1649695998,329.62,0,70.00,0,0,0
1649696003,329.99,0,70.00,0,0,0
1649696009,329.42,0,70.00,0,0,0
1649696016,329.21,0,70.00,0,0,0
1649696021,323.89,0,70.00,0,0,0
1649696027,330.17,0,70.00,0,0,0
1649696032,325.23,0,70.00,0,0,0
1649696038,297.33,0,70.00,0,0,0
1649696044,330.00,0,70.00,0,0,0
1649696049,327.97,0,70.00,0,0,0
1649696055,327.50,0,70.00,0,0,0
1649696061,327.17,0,70.00,0,0,0
1649696066,332.91,0,70.00,0,0,0
1649696072,333.10,0,70.00,0,0,0
1649696078,331.14,0,70.00,0,0,0
1649696083,328.82,0,70.00,0,0,0
1649696089,329.54,0,70.00,0,0,0
1649696095,331.84,0,70.00,0,0,0
1649696101,334.32,0,70.00,0,0,0
1649696106,328.63,0,70.00,0,0,0
1649696112,331.20,0,70.00,0,0,0
1649696118,328.84,0,70.00,0,0,0
1649696123,328.83,0,70.00,0,0,0
1649696129,330.20,0,70.00,0,0,0
1649696135,328.92,0,70.00,0,0,0
1649696141,332.64,0,70.00,0,0,0
1649696146,329.69,0,70.00,0,0,0
1649696152,331.00,0,70.00,0,0,0
1649696158,329.47,0,70.00,0,0,0
1649696163,336.53,0,70.00,0,0,0
1649696169,331.04,0,70.00,0,0,0
1649696175,330.52,0,70.00,0,0,0
1649696180,331.20,0,70.00,0,0,0
1649696186,330.66,0,70.00,0,0,0
1649696192,329.63,0,70.00,0,0,0
1649696198,329.06,0,70.00,0,0,0
1649696203,329.00,0,70.00,0,0,0
1649696209,331.91,0,70.00,0,0,0
1649696215,330.65,0,70.00,0,0,0
1649696220,328.80,0,70.00,0,0,0
1649696226,331.68,0,70.00,0,0,0
1649696232,334.38,0,70.00,0,0,0
1649696238,325.35,0,70.00,0,0,0
1649696243,327.38,0,70.00,0,0,0
1649696255,327.55,0,70.00,0,0,0
1649696260,331.18,0,70.00,0,0,0
1649696266,328.76,0,70.00,0,0,0
1649696272,325.42,0,70.00,0,0,0
1649696277,328.95,0,70.00,0,0,0
1649696283,329.49,0,70.00,0,0,0
1649696289,329.23,0,70.00,0,0,0
1649696295,332.51,0,70.00,0,0,0
1649696300,326.09,0,70.00,0,0,0
1649696306,328.90,0,70.00,0,0,0
1649696312,326.24,0,70.00,0,0,0
1649696317,327.63,0,70.00,0,0,0
1649696323,329.55,0,70.00,0,0,0
1649696329,327.13,0,70.00,0,0,0
1649696334,329.94,0,70.00,0,0,0
1649696340,325.14,0,70.00,0,0,0
1649696345,332.68,0,70.00,0,0,0
1649696351,325.43,0,70.00,0,0,0
1649696357,326.11,0,70.00,0,0,0
1649696363,331.70,0,70.00,0,0,0
1649696368,326.54,0,70.00,0,0,0
1649696374,324.32,0,70.00,0,0,0
1649696380,325.95,0,70.00,0,0,0
1649696385,328.96,0,70.00,0,0,0
1649696391,327.23,0,70.00,0,0,0
1649696397,328.89,0,70.00,0,0,0
1649696403,327.80,0,70.00,0,0,0
1649696409,328.12,0,70.00,0,0,0
1649696415,326.48,0,70.00,0,0,0
1649696420,327.44,0,70.00,0,0,0
1649696426,332.24,0,70.00,0,0,0
1649696432,326.07,0,70.00,0,0,0
1649696438,324.29,0,70.00,0,0,0
1649696443,329.88,0,70.00,0,0,0
1649696449,327.65,0,70.00,0,0,0
1649696455,325.35,0,70.00,0,0,0
1649696460,327.93,0,70.00,0,0,0
1649696466,326.00,0,70.00,0,0,0
1649696472,324.35,0,70.00,0,0,0
1649696477,328.78,0,70.00,0,0,0
1649696483,324.83,0,70.00,0,0,0
1649696489,324.31,0,70.00,0,0,0
1649696494,329.35,0,70.00,0,0,0
1649696500,330.06,0,70.00,0,0,0
1649696505,329.17,0,70.00,0,0,0
1649696511,330.37,0,70.00,0,0,0
1649696517,325.58,0,70.00,0,0,0
1649696522,326.78,0,70.00,0,0,0
1649696528,330.11,0,70.00,0,0,0
1649696534,329.76,0,70.00,0,0,0
1649696539,328.68,0,70.00,0,0,0
1649696545,328.17,0,70.00,0,0,0
1649696550,316.65,0,70.00,0,0,0
1649696556,297.77,0,70.00,0,0,0
1649696563,326.04,0,70.00,0,0,0
1649696569,329.20,0,70.00,0,0,0
1649696575,328.03,0,70.00,0,0,0
1649696581,326.61,0,70.00,0,0,0
1649696586,329.50,0,70.00,0,0,0
1649696592,329.84,0,70.00,0,0,0
1649696598,328.47,0,70.00,0,0,0
1649696603,328.55,0,70.00,0,0,0
1649696609,325.02,0,70.00,0,0,0
1649696615,325.81,0,70.00,0,0,0
1649696620,326.47,0,70.00,0,0,0
1649696626,331.60,0,70.00,0,0,0
1649696632,327.24,0,70.00,0,0,0
1649696637,325.39,0,70.00,0,0,0
1649696643,330.21,0,70.00,0,0,0
1649696649,327.54,0,70.00,0,0,0
1649696655,330.46,0,70.00,0,0,0
1649696660,330.81,0,70.00,0,0,0
1649696666,330.04,0,70.00,0,0,0
1649696672,324.38,0,70.00,0,0,0
1649696678,327.02,0,70.00,0,0,0
1649696683,326.89,0,70.00,0,0,0
1649696692,331.23,0,70.00,0,0,0
1649696698,331.88,0,70.00,0,0,0
1649696703,327.84,0,70.00,0,0,0
1649696709,328.55,0,70.00,0,0,0
1649696715,327.16,0,70.00,0,0,0
1649696721,327.35,0,70.00,0,0,0
1649696727,331.87,0,70.00,0,0,0
1649696732,330.38,0,70.00,0,0,0
1649696738,331.14,0,70.00,0,0,0
1649696744,329.31,0,70.00,0,0,0
1649696750,329.08,0,70.00,0,0,0
1649696755,331.02,0,70.00,0,0,0
1649696761,329.42,0,70.00,0,0,0
1649696767,329.47,0,70.00,0,0,0
1649696772,329.13,0,70.00,0,0,0
1649696778,329.36,0,70.00,0,0,0
1649696784,330.92,0,70.00,0,0,0
1649696790,330.00,0,70.00,0,0,0
1649696796,329.08,0,70.00,0,0,0
1649696801,329.62,0,70.00,0,0,0
1649696807,329.41,0,70.00,0,0,0
1649696813,327.59,0,70.00,0,0,0
1649696818,331.87,0,70.00,0,0,0
1649696824,331.07,0,70.00,0,0,0
1649696830,328.16,0,70.00,0,0,0
1649696836,331.27,0,70.00,0,0,0
1649696841,330.86,0,70.00,0,0,0
1649696847,330.50,0,70.00,0,0,0
1649696853,329.04,0,70.00,0,0,0
1649696859,331.53,0,70.00,0,0,0
1649696865,329.28,0,70.00,0,0,0
1649696870,328.89,0,70.00,0,0,0
1649696876,332.04,0,70.00,0,0,0
1649696882,326.72,0,70.00,0,0,0
1649696888,329.05,0,70.00,0,0,0
1649696893,330.25,0,70.00,0,0,0
1649696899,328.83,0,70.00,0,0,0
1649696905,329.29,0,70.00,0,0,0
1649696911,327.45,0,70.00,0,0,0
1649696917,328.70,0,70.00,0,0,0
1649696923,329.08,0,70.00,0,0,0
1649696929,326.97,0,70.00,0,0,0
1649696934,328.25,0,70.00,0,0,0
1649696940,328.16,0,70.00,0,0,0
1649696946,327.74,0,70.00,0,0,0
1649696951,330.61,0,70.00,0,0,0
1649696957,330.42,0,70.00,0,0,0
1649696963,313.54,0,70.00,0,0,0
1649696969,321.91,0,70.00,0,0,0
1649696974,311.40,0,70.00,0,0,0
1649696980,328.52,0,70.00,0,0,0
1649696985,327.11,0,70.00,0,0,0
1649696991,326.60,0,70.00,0,0,0
1649696997,329.76,0,70.00,0,0,0
1649697002,329.33,0,70.00,0,0,0
1649697008,329.45,0,70.00,0,0,0
1649697014,333.86,0,70.00,0,0,0
1649697019,332.28,0,70.00,0,0,0
1649697025,326.66,0,70.00,0,0,0
1649697031,328.85,0,70.00,0,0,0
1649697036,328.13,0,70.00,0,0,0
1649697042,327.64,0,70.00,0,0,0
1649697048,326.76,0,70.00,0,0,0
1649697054,318.92,0,70.00,0,0,0
1649697060,295.03,0,70.00,0,0,0
1649697065,297.08,0,70.00,0,0,0
1649697071,326.93,0,70.00,0,0,0
1649697077,327.15,0,70.00,0,0,0
1649697083,330.70,0,70.00,0,0,0
1649697089,326.11,0,70.00,0,0,0
1649697094,301.51,0,70.00,0,0,0
1649697100,301.80,0,70.00,0,0,0
1649697112,390.59,0,70.00,0,0,0
1649697118,377.69,0,70.00,0,0,0
1649697124,379.05,0,70.00,0,0,0
1649697129,382.36,0,70.00,0,0,0
1649697135,382.34,0,70.00,0,0,0
1649697141,386.48,0,70.00,0,0,0
1649697146,390.60,0,70.00,0,0,0
1649697152,384.56,0,70.00,0,0,0
1649697158,384.41,0,70.00,0,0,0
1649697164,383.21,0,70.00,0,0,0
1649697169,385.08,0,70.00,0,0,0
1649697175,382.69,0,70.00,0,0,0
1649697181,380.19,0,70.00,0,0,0
1649697186,383.12,0,70.00,0,0,0
1649697192,379.76,0,70.00,0,0,0
1649697198,380.38,0,70.00,0,0,0
1649697203,380.32,0,70.00,0,0,0
1649697209,381.61,0,70.00,0,0,0
1649697214,379.35,0,70.00,0,0,0
1649697220,383.95,0,70.00,0,0,0
1649697226,380.54,0,70.00,0,0,0
1649697232,379.34,0,70.00,0,0,0
1649697237,378.92,0,70.00,0,0,0
1649697243,342.74,0,70.00,0,0,0
1649697248,360.93,0,70.00,0,0,0
1649697254,378.10,0,70.00,0,0,0
1649697260,377.74,0,70.00,0,0,0
1649697265,379.61,0,70.00,0,0,0
1649697271,380.21,0,70.00,0,0,0
1649697277,383.08,0,70.00,0,0,0
1649697282,381.98,0,70.00,0,0,0
1649697288,378.74,0,70.00,0,0,0
1649697294,377.30,0,70.00,0,0,0
1649697299,378.36,0,70.00,0,0,0
1649697305,373.52,0,70.00,0,0,0
1649697311,349.02,0,70.00,0,0,0
1649697316,337.49,0,70.00,0,0,0
1649697322,329.41,0,70.00,0,0,0
1649697328,328.56,0,70.00,0,0,0
1649697334,328.96,0,70.00,0,0,0
1649697340,335.83,0,70.00,0,0,0
1649697347,356.13,0,70.00,0,0,0
1649697352,363.91,0,70.00,0,0,0
1649697359,359.34,0,70.00,0,0,0
1649697364,349.05,0,70.00,0,0,0
1649697371,346.20,0,70.00,0,0,0
1649697377,346.50,0,70.00,0,0,0
1649697383,342.77,0,70.00,0,0,0
1649697389,373.38,0,70.00,0,0,0
1649697394,357.17,0,70.00,0,0,0
1649697400,373.44,0,70.00,0,0,0
1649697406,375.80,0,70.00,0,0,0
1649697412,378.17,0,70.00,0,0,0
1649697418,377.51,0,70.00,0,0,0
1649697423,368.51,0,70.00,0,0,0
1649697429,361.68,0,70.00,0,0,0
1649697435,359.72,0,70.00,0,0,0
1649697441,351.77,0,70.00,0,0,0
1649697446,350.37,0,70.00,0,0,0
1649697452,362.81,0,70.00,0,0,0
1649697458,349.13,0,70.00,0,0,0
1649697463,352.72,0,70.00,0,0,0
1649697469,362.48,0,70.00,0,0,0
1649697475,360.44,0,70.00,0,0,0
1649697480,357.50,0,70.00,0,0,0
1649697486,326.26,0,70.00,0,0,0
1649697491,317.73,0,70.00,0,0,0
1649697497,318.17,0,70.00,0,0,0
1649697507,279.99,0,70.00,0,0,0
1649697513,277.17,0,70.00,0,0,0
1649697519,278.01,0,70.00,0,0,0
1649697524,267.86,0,70.00,0,0,0
1649697530,264.22,0,70.00,0,0,0
1649697535,265.70,0,70.00,0,0,0
1649697541,276.66,0,70.00,0,0,0
1649697546,268.57,0,70.00,0,0,0
1649697552,271.01,0,70.00,0,0,0
1649697558,288.30,0,70.00,0,0,0
1649697563,280.17,0,70.00,0,0,0
1649697569,269.78,0,70.00,0,0,0
1649697574,277.38,0,70.00,0,0,0
1649697580,277.08,0,70.00,0,0,0
1649697585,261.41,0,70.00,0,0,0
1649697591,261.13,0,70.00,0,0,0
1649697596,260.65,0,70.00,0,0,0
1649697602,260.50,0,70.00,0,0,0
1649697607,262.46,0,70.00,0,0,0
1649697613,262.88,0,70.00,0,0,0
1649697619,259.11,0,70.00,0,0,0
1649697624,260.51,0,70.00,0,0,0
1649697630,259.77,0,70.00,0,0,0
1649697635,260.47,0,70.00,0,0,0
1649697641,258.73,0,70.00,0,0,0
1649697646,258.98,0,70.00,0,0,0
1649697652,258.70,0,70.00,0,0,0
1649697657,259.19,0,70.00,0,0,0
1649697663,259.47,0,70.00,0,0,0
1649697668,259.14,0,70.00,0,0,0
1649697674,259.40,0,70.00,0,0,0
1649697679,260.71,0,70.00,0,0,0
1649697685,258.65,0,70.00,0,0,0
1649697690,258.44,0,70.00,0,0,0
1649697696,258.41,0,70.00,0,0,0
1649697701,259.03,0,70.00,0,0,0
1649697707,258.43,0,70.00,0,0,0
1649697712,263.15,0,70.00,0,0,0
1649697718,266.64,0,70.00,0,0,0
1649697723,258.80,0,70.00,0,0,0
1649697729,259.29,0,70.00,0,0,0
1649697734,258.96,0,70.00,0,0,0
1649697740,260.32,0,70.00,0,0,0
1649697745,261.19,0,70.00,0,0,0
1649697751,264.93,0,70.00,0,0,0
1649697757,264.58,0,70.00,0,0,0
1649697762,258.71,0,70.00,0,0,0
1649697767,259.84,0,70.00,0,0,0
1649697773,259.26,0,70.00,0,0,0
1649697778,259.94,0,70.00,0,0,0
1649697784,262.02,0,70.00,0,0,0
1649697790,259.67,0,70.00,0,0,0
1649697795,259.49,0,70.00,0,0,0
1649697801,259.35,0,70.00,0,0,0
1649697806,262.72,0,70.00,0,0,0
1649697812,261.08,0,70.00,0,0,0
1649697817,258.75,0,70.00,0,0,0
1649697823,260.12,0,70.00,0,0,0
1649697828,260.17,0,70.00,0,0,0
1649697834,259.50,0,70.00,0,0,0
1649697839,259.50,0,70.00,0,0,0
1649697845,260.72,0,70.00,0,0,0
1649697850,262.50,0,70.00,0,0,0
1649697856,259.43,0,70.00,0,0,0
1649697861,259.19,0,70.00,0,0,0
1649697867,259.44,0,70.00,0,0,0
1649697883,1584.57,0,70.00,1300.00,0,0
1649697889,1583.51,0,70.00,1300.00,0,0
1649697894,1581.78,0,70.00,1300.00,0,0
1649697900,1579.98,0,70.00,1300.00,0,0
1649697905,1577.82,0,70.00,1300.00,0,0
1649697916,260.45,0,70.00,0,0,0
1649697922,260.35,0,70.00,0,0,0
1649697927,259.82,0,70.00,0,0,0
1649697933,260.16,0,70.00,0,0,0
1649697938,262.55,0,70.00,0,0,0
1649697944,266.05,0,70.00,0,0,0
1649697949,263.59,0,70.00,0,0,0
1649697955,265.08,0,70.00,0,0,0
1649697960,266.76,0,70.00,0,0,0
1649697966,260.20,0,70.00,0,0,0
1649697971,259.96,0,70.00,0,0,0
1649697977,259.84,0,70.00,0,0,0
1649697983,259.26,0,70.00,0,0,0
1649697988,259.94,0,70.00,0,0,0
1649697994,259.51,0,70.00,0,0,0
1649697999,259.84,0,70.00,0,0,0
1649698005,263.04,0,70.00,0,0,0
1649698010,260.15,0,70.00,0,0,0
1649698016,259.40,0,70.00,0,0,0
1649698021,259.57,0,70.00,0,0,0
1649698027,259.82,0,70.00,0,0,0
1649698032,259.48,0,70.00,0,0,0
1649698038,259.38,0,70.00,0,0,0
1649698043,258.90,0,70.00,0,0,0
1649698049,258.72,0,70.00,0,0,0
1649698054,258.68,0,70.00,0,0,0
1649698060,259.34,0,70.00,0,0,0
1649698065,259.35,0,70.00,0,0,0
1649698071,262.95,0,70.00,0,0,0
1649698076,259.38,0,70.00,0,0,0
1649698082,259.43,0,70.00,0,0,0
1649698087,260.03,0,70.00,0,0,0
1649698093,267.42,0,70.00,0,0,0
1649698098,259.39,0,70.00,0,0,0
1649698104,259.77,0,70.00,0,0,0
1649698109,259.72,0,70.00,0,0,0
1649698115,266.00,0,70.00,0,0,0
1649698121,265.76,0,70.00,0,0,0
1649698126,258.79,0,70.00,0,0,0
1649698131,259.32,0,70.00,0,0,0
1649698137,262.57,0,70.00,0,0,0
1649698142,262.27,0,70.00,0,0,0
1649698148,280.95,0,70.00,0,0,0
1649698153,267.80,0,70.00,0,0,0
1649698159,269.62,0,70.00,0,0,0
1649698164,261.25,0,70.00,0,0,0
1649698170,261.78,0,70.00,0,0,0
1649698175,260.14,0,70.00,0,0,0
1649698181,261.25,0,70.00,0,0,0
1649698187,260.17,0,70.00,0,0,0
1649698192,259.94,0,70.00,0,0,0
1649698197,262.42,0,70.00,0,0,0
1649698203,271.56,0,70.00,0,0,0
1649698209,266.57,0,70.00,0,0,0
1649698214,271.59,0,70.00,0,0,0
1649698220,266.95,0,70.00,0,0,0
1649698225,277.54,0,70.00,0,0,0
1649698231,283.48,0,70.00,0,0,0
1649698236,279.93,0,70.00,0,0,0
1649698242,262.97,0,70.00,0,0,0
1649698247,262.51,0,70.00,0,0,0
1649698253,263.29,0,70.00,0,0,0
1649698258,273.44,0,70.00,0,0,0
1649698264,277.22,0,70.00,0,0,0
1649698269,281.57,0,70.00,0,0,0
1649698275,279.30,0,70.00,0,0,0
1649698280,274.23,0,70.00,0,0,0
1649698286,278.73,0,70.00,0,0,0
1649698291,278.39,0,70.00,0,0,0
1649698297,267.95,0,70.00,0,0,0
1649698302,261.60,0,70.00,0,0,0
1649698308,261.97,0,70.00,0,0,0
1649698314,265.61,0,70.00,0,0,0
1649698319,262.17,0,70.00,0,0,0
1649698325,277.51,0,70.00,0,0,0
1649698330,276.79,0,70.00,0,0,0
1649698336,279.20,0,70.00,0,0,0
1649698341,283.74,0,70.00,0,0,0
1649698347,287.30,0,70.00,0,0,0
1649698352,272.18,0,70.00,0,0,0
1649698358,279.06,0,70.00,0,0,0
1649698363,268.10,0,70.00,0,0,0
1649698369,266.60,0,70.00,0,0,0
1649698374,263.22,0,70.00,0,0,0
1649698380,265.18,0,70.00,0,0,0
1649698385,263.21,0,70.00,0,0,0
1649698391,261.93,0,70.00,0,0,0
1649698396,268.69,0,70.00,0,0,0
1649698402,277.90,0,70.00,0,0,0
1649698407,278.89,0,70.00,0,0,0
1649698413,291.64,0,70.00,0,0,0
1649698419,304.74,0,70.00,0,0,0
1649698424,302.26,0,70.00,0,0,0
1649698430,298.55,0,70.00,0,0,0
1649698435,301.44,0,70.00,0,0,0
1649698441,291.79,0,70.00,0,0,0
1649698447,277.77,0,70.00,0,0,0
1649698452,325.01,0,70.00,0,0,0
1649698458,322.38,0,70.00,0,0,0
1649698463,321.88,0,70.00,0,0,0
1649698469,332.62,0,70.00,0,0,0
1649698474,290.26,0,70.00,0,0,0
1649698480,286.09,0,70.00,0,0,0
1649698485,285.43,0,70.00,0,0,0
1649698491,282.57,0,70.00,0,0,0
1649698496,282.92,0,70.00,0,0,0
1649698502,313.66,0,70.00,0,0,0
1649698507,324.17,0,70.00,0,0,0
1649698513,316.38,0,70.00,0,0,0
1649698518,316.74,0,70.00,0,0,0
1649698524,321.88,0,70.00,0,0,0
1649698529,314.55,0,70.00,0,0,0
1649698535,313.19,0,70.00,0,0,0
1649698540,311.20,0,70.00,0,0,0
1649698546,305.55,0,70.00,0,0,0
1649698552,304.95,0,70.00,0,0,0
1649698557,303.51,0,70.00,0,0,0
1649698563,303.97,0,70.00,0,0,0
1649698568,311.16,0,70.00,0,0,0
1649698574,307.47,0,70.00,0,0,0
1649698579,300.55,0,70.00,0,0,0
1649698585,300.38,0,70.00,0,0,0
1649698590,300.98,0,70.00,0,0,0
1649698596,301.27,0,70.00,0,0,0
1649698601,298.87,0,70.00,0,0,0
1649698607,299.16,0,70.00,0,0,0
1649698612,297.41,0,70.00,0,0,0
1649698618,295.81,0,70.00,0,0,0
1649698623,297.62,0,70.00,0,0,0
1649698629,296.76,0,70.00,0,0,0
1649698634,297.38,0,70.00,0,0,0
1649698640,299.11,0,70.00,0,0,0
1649698645,298.16,0,70.00,0,0,0
1649698651,295.04,0,70.00,0,0,0
1649698656,295.99,0,70.00,0,0,0
1649698662,295.01,0,70.00,0,0,0
1649698667,295.14,0,70.00,0,0,0
1649698673,294.38,0,70.00,0,0,0
1649698678,297.35,0,70.00,0,0,0
1649698684,296.39,0,70.00,0,0,0
1649698689,297.19,0,70.00,0,0,0
1649698695,294.66,0,70.00,0,0,0
1649698711,343.18,0,70.00,0,0,0
1649698717,341.86,0,70.00,0,0,0
1649698723,351.98,0,70.00,0,0,0
1649698728,377.64,0,70.00,0,0,0
1649698734,356.46,0,70.00,0,0,0
1649698740,346.16,0,70.00,0,0,0
1649698745,347.04,0,70.00,0,0,0
1649698751,345.47,0,70.00,0,0,0
1649698756,346.24,0,70.00,0,0,0
1649698762,344.75,0,70.00,0,0,0
1649698767,343.86,0,70.00,0,0,0
1649698773,344.73,0,70.00,0,0,0
1649698778,345.39,0,70.00,0,0,0
1649698784,343.99,0,70.00,0,0,0
1649698789,349.08,0,70.00,0,0,0
1649698795,355.54,0,70.00,0,0,0
1649698800,350.08,0,70.00,0,0,0
1649698806,343.73,0,70.00,0,0,0
1649698811,343.31,0,70.00,0,0,0
1649698817,340.81,0,70.00,0,0,0
1649698822,342.63,0,70.00,0,0,0
1649698828,339.18,0,70.00,0,0,0
1649698833,341.26,0,70.00,0,0,0
1649698839,338.80,0,70.00,0,0,0
1649698845,348.05,0,70.00,0,0,0
1649698850,344.37,0,70.00,0,0,0
1649698856,339.67,0,70.00,0,0,0
1649698861,337.69,0,70.00,0,0,0
1649698866,337.50,0,70.00,0,0,0
1649698872,339.73,0,70.00,0,0,0
1649698878,338.24,0,70.00,0,0,0
1649698883,338.53,0,70.00,0,0,0
1649698889,338.63,0,70.00,0,0,0
1649698894,336.31,0,70.00,0,0,0
1649698900,336.67,0,70.00,0,0,0
1649698905,335.76,0,70.00,0,0,0
1649698911,340.33,0,70.00,0,0,0
1649698916,337.21,0,70.00,0,0,0
1649698922,338.16,0,70.00,0,0,0
1649698927,339.67,0,70.00,0,0,0
1649698933,334.57,0,70.00,0,0,0
1649698938,338.21,0,70.00,0,0,0
1649698944,327.06,0,70.00,0,0,0
1649698949,331.47,0,70.00,0,0,0
1649698955,331.90,0,70.00,0,0,0
1649698960,333.70,0,70.00,0,0,0
1649698966,331.68,0,70.00,0,0,0
1649698971,321.11,0,70.00,0,0,0
1649698976,331.00,0,70.00,0,0,0
1649698982,321.65,0,70.00,0,0,0
1649698987,321.57,0,70.00,0,0,0
1649698993,321.26,0,70.00,0,0,0
1649698999,321.52,0,70.00,0,0,0
1649699004,322.58,0,70.00,0,0,0
1649699010,320.22,0,70.00,0,0,0
1649699015,320.84,0,70.00,0,0,0
1649699021,322.25,0,70.00,0,0,0
1649699026,323.51,0,70.00,0,0,0
1649699032,321.64,0,70.00,0,0,0
1649699037,322.05,0,70.00,0,0,0
1649699043,342.98,0,70.00,0,0,0
1649699048,322.60,0,70.00,0,0,0
1649699054,357.85,0,70.00,0,0,0
1649699060,351.58,0,70.00,0,0,0
1649699065,348.87,0,70.00,0,0,0
1649699071,347.23,0,70.00,0,0,0
1649699076,346.32,0,70.00,0,0,0
1649699082,345.16,0,70.00,0,0,0
1649699087,341.60,0,70.00,0,0,0
1649699093,342.76,0,70.00,0,0,0
1649699098,343.05,0,70.00,0,0,0
1649699103,305.76,0,70.00,0,0,0
1649699109,294.20,0,70.00,0,0,0
1649699115,294.68,0,70.00,0,0,0
1649699120,295.13,0,70.00,0,0,0
1649699126,296.86,0,70.00,0,0,0
1649699131,292.13,0,70.00,0,0,0
1649699137,291.18,0,70.00,0,0,0
1649699142,290.93,0,70.00,0,0,0
1649699148,294.37,0,70.00,0,0,0
1649699153,295.44,0,70.00,0,0,0
1649699159,296.33,0,70.00,0,0,0
1649699164,296.28,0,70.00,0,0,0
1649699169,293.16,0,70.00,0,0,0
1649699175,293.77,0,70.00,0,0,0
1649699181,292.60,0,70.00,0,0,0
1649699186,293.05,0,70.00,0,0,0
1649699192,291.68,0,70.00,0,0,0
1649699197,288.79,0,70.00,0,0,0
1649699203,288.94,0,70.00,0,0,0
1649699208,289.99,0,70.00,0,0,0
1649699214,290.85,0,70.00,0,0,0
1649699219,289.44,0,70.00,0,0,0
1649699225,291.09,0,70.00,0,0,0
1649699230,291.95,0,70.00,0,0,0
1649699236,291.60,0,70.00,0,0,0
1649699241,290.48,0,70.00,0,0,0
1649699247,289.85,0,70.00,0,0,0
1649699252,289.87,0,70.00,0,0,0
1649699258,289.20,0,70.00,0,0,0
1649699263,286.91,0,70.00,0,0,0
1649699269,286.54,0,70.00,0,0,0
1649699274,287.58,0,70.00,0,0,0
1649699280,286.35,0,70.00,0,0,0
1649699285,286.38,0,70.00,0,0,0
1649699291,286.11,0,70.00,0,0,0
1649699296,286.27,0,70.00,0,0,0
1649699302,286.37,0,70.00,0,0,0
1649699307,285.58,0,70.00,0,0,0
1649699313,284.10,0,70.00,0,0,0
1649699318,286.33,0,70.00,0,0,0
1649699324,288.21,0,70.00,0,0,0
1649699329,287.22,0,70.00,0,0,0
1649699334,287.24,0,70.00,0,0,0
1649699340,286.69,0,70.00,0,0,0
1649699346,285.36,0,70.00,0,0,0
1649699351,287.02,0,70.00,0,0,0
1649699356,275.14,0,70.00,0,0,0
1649699362,270.22,0,70.00,0,0,0
1649699368,281.61,0,70.00,0,0,0
1649699373,281.59,0,70.00,0,0,0
1649699379,280.24,0,70.00,0,0,0
1649699384,278.78,0,70.00,0,0,0
1649699390,282.20,0,70.00,0,0,0
1649699395,277.51,0,70.00,0,0,0
1649699401,288.96,0,70.00,0,0,0
1649699406,293.89,0,70.00,0,0,0
1649699412,290.57,0,70.00,0,0,0
1649699417,275.51,0,70.00,0,0,0
1649699423,272.21,0,70.00,0,0,0
1649699428,273.01,0,70.00,0,0,0
1649699433,273.12,0,70.00,0,0,0
1649699439,273.86,0,70.00,0,0,0
1649699445,273.68,0,70.00,0,0,0
1649699450,272.79,0,70.00,0,0,0
1649699455,273.37,0,70.00,0,0,0
1649699461,272.95,0,70.00,0,0,0
1649699466,273.89,0,70.00,0,0,0
1649699472,273.36,0,70.00,0,0,0
1649699477,273.59,0,70.00,0,0,0
1649699483,273.92,0,70.00,0,0,0
1649699489,274.04,0,70.00,0,0,0
1649699494,274.72,0,70.00,0,0,0
1649699500,274.35,0,70.00,0,0,0
1649699505,282.32,0,70.00,0,0,0
1649699510,281.37,0,70.00,0,0,0
1649699516,303.51,0,70.00,0,0,0
1649699521,301.87,0,70.00,0,0,0
1649699527,297.70,0,70.00,0,0,0
1649699532,297.42,0,70.00,0,0,0
1649699538,296.22,0,70.00,0,0,0
1649699544,294.52,0,70.00,0,0,0
1649699549,294.01,0,70.00,0,0,0
1649699555,293.02,0,70.00,0,0,0
1649699560,293.26,0,70.00,0,0,0
1649699566,293.50,0,70.00,0,0,0
1649699571,297.83,0,70.00,0,0,0
1649699577,291.49,0,70.00,0,0,0
1649699582,290.33,0,70.00,0,0,0
1649699588,290.92,0,70.00,0,0,0
1649699593,290.00,0,70.00,0,0,0
1649699599,289.70,0,70.00,0,0,0
1649699604,289.94,0,70.00,0,0,0
1649699610,288.72,0,70.00,0,0,0
1649699615,288.70,0,70.00,0,0,0
1649699621,287.71,0,70.00,0,0,0
1649699626,289.76,0,70.00,0,0,0
1649699632,290.51,0,70.00,0,0,0
1649699637,289.41,0,70.00,0,0,0
1649699643,293.61,0,70.00,0,0,0
1649699648,288.99,0,70.00,0,0,0
1649699653,289.34,0,70.00,0,0,0
1649699659,289.62,0,70.00,0,0,0
1649699665,289.88,0,70.00,0,0,0
1649699670,290.40,0,70.00,0,0,0
1649699676,290.33,0,70.00,0,0,0
1649699681,288.12,0,70.00,0,0,0
1649699687,286.31,0,70.00,0,0,0
1649699692,288.36,0,70.00,0,0,0
1649699698,287.19,0,70.00,0,0,0
1649699703,287.08,0,70.00,0,0,0
1649699709,287.46,0,70.00,0,0,0
1649699714,287.55,0,70.00,0,0,0
1649699720,287.48,0,70.00,0,0,0
1649699725,286.62,0,70.00,0,0,0
1649699731,286.16,0,70.00,0,0,0
1649699736,287.05,0,70.00,0,0,0
1649699742,286.54,0,70.00,0,0,0
1649699747,288.05,0,70.00,0,0,0
1649699753,287.45,0,70.00,0,0,0
1649699758,287.57,0,70.00,0,0,0
1649699764,287.22,0,70.00,0,0,0
1649699770,287.72,0,70.00,0,0,0
1649699775,287.70,0,70.00,0,0,0
1649699781,287.81,0,70.00,0,0,0
1649699786,292.29,0,70.00,0,0,0
1649699792,289.15,0,70.00,0,0,0
1649699797,287.00,0,70.00,0,0,0
1649699803,287.06,0,70.00,0,0,0
1649699808,287.73,0,70.00,0,0,0
1649699814,288.84,0,70.00,0,0,0
1649699819,288.60,0,70.00,0,0,0
1649699825,289.19,0,70.00,0,0,0
1649699830,288.82,0,70.00,0,0,0
1649699836,287.31,0,70.00,0,0,0
1649699841,286.44,0,70.00,0,0,0
1649699847,284.94,0,70.00,0,0,0
1649699852,285.15,0,70.00,0,0,0
1649699858,283.81,0,70.00,0,0,0
1649699863,283.59,0,70.00,0,0,0
1649699869,284.80,0,70.00,0,0,0
1649699875,285.05,0,70.00,0,0,0
1649699880,285.16,0,70.00,0,0,0
1649699886,285.41,0,70.00,0,0,0
1649699891,285.25,0,70.00,0,0,0
1649699897,286.10,0,70.00,0,0,0
1649699902,315.76,0,70.00,0,0,0
1649699908,306.24,0,70.00,0,0,0
1649699913,292.46,0,70.00,0,0,0
1649699919,285.57,0,70.00,0,0,0
1649699924,286.43,0,70.00,0,0,0
1649699930,292.08,0,70.00,0,0,0
1649699935,311.46,0,70.00,0,0,0
1649699941,300.23,0,70.00,0,0,0
1649699947,295.81,0,70.00,0,0,0
1649699952,294.47,0,70.00,0,0,0
1649699958,291.96,0,70.00,0,0,0
1649699963,291.91,0,70.00,0,0,0
1649699969,293.49,0,70.00,0,0,0
1649699974,295.62,0,70.00,0,0,0
1649699980,296.34,0,70.00,0,0,0
1649699985,288.07,0,70.00,0,0,0
1649699991,287.68,0,70.00,0,0,0
1649699996,292.94,0,70.00,0,0,0
1649700002,286.95,0,70.00,0,0,0
1649700007,287.11,0,70.00,0,0,0
1649700013,286.90,0,70.00,0,0,0
1649700018,289.47,0,70.00,0,0,0
1649700024,299.64,0,70.00,0,0,0
1649700030,285.08,0,70.00,0,0,0
1649700035,279.96,0,70.00,0,0,0
1649700041,274.96,0,70.00,0,0,0
1649700046,280.85,0,70.00,0,0,0
1649700052,283.51,0,70.00,0,0,0
1649700057,296.37,0,70.00,0,0,0
1649700063,289.61,0,70.00,0,0,0
1649700068,286.96,0,70.00,0,0,0
1649700074,285.81,0,70.00,0,0,0
1649700080,284.64,0,70.00,0,0,0
1649700085,286.56,0,70.00,0,0,0
1649700091,285.89,0,70.00,0,0,0
1649700096,284.92,0,70.00,0,0,0
1649700102,285.28,0,70.00,0,0,0
1649700107,285.30,0,70.00,0,0,0
1649700113,285.40,0,70.00,0,0,0
1649700118,288.22,0,70.00,0,0,0
1649700124,288.48,0,70.00,0,0,0
1649700129,301.79,0,70.00,0,0,0
1649700135,307.24,0,70.00,0,0,0
1649700140,298.34,0,70.00,0,0,0
1649700146,299.98,0,70.00,0,0,0
1649700152,306.57,0,70.00,0,0,0
1649700157,303.95,0,70.00,0,0,0
1649700163,306.09,0,70.00,0,0,0
1649700168,297.54,0,70.00,0,0,0
1649700174,302.01,0,70.00,0,0,0
1649700179,292.16,0,70.00,0,0,0
1649700184,289.21,0,70.00,0,0,0
1649700190,292.33,0,70.00,0,0,0
1649700195,294.13,0,70.00,0,0,0
1649700201,287.77,0,70.00,0,0,0
1649700206,286.68,0,70.00,0,0,0
1649700212,286.02,0,70.00,0,0,0
1649700218,283.94,0,70.00,0,0,0
1649700223,273.90,0,70.00,0,0,0
1649700228,269.69,0,70.00,0,0,0
1649700234,270.29,0,70.00,0,0,0
1649700239,276.74,0,70.00,0,0,0
1649700245,285.09,0,70.00,0,0,0
1649700251,301.89,0,70.00,0,0,0
1649700256,302.51,0,70.00,0,0,0
1649700261,292.20,0,70.00,0,0,0
1649700267,308.91,0,70.00,0,0,0
1649700272,305.50,0,70.00,0,0,0
1649700278,301.19,0,70.00,0,0,0
1649700283,294.80,0,70.00,0,0,0
1649700289,285.76,0,70.00,0,0,0
1649700294,286.39,0,70.00,0,0,0
1649700300,301.61,0,70.00,0,0,0
1649700305,297.41,0,70.00,0,0,0
1649700311,294.72,0,70.00,0,0,0
1649700316,295.49,0,70.00,0,0,0
1649700322,291.21,0,70.00,0,0,0
1649700328,293.03,0,70.00,0,0,0
1649700333,292.37,0,70.00,0,0,0
1649700339,295.69,0,70.00,0,0,0
1649700344,299.58,0,70.00,0,0,0
1649700350,289.88,0,70.00,0,0,0
1649700355,295.34,0,70.00,0,0,0
1649700361,298.20,0,70.00,0,0,0
1649700366,302.05,0,70.00,0,0,0
1649700371,298.55,0,70.00,0,0,0
1649700377,292.06,0,70.00,0,0,0
1649700382,287.48,0,70.00,0,0,0
1649700388,289.35,0,70.00,0,0,0
1649700394,287.93,0,70.00,0,0,0
1649700399,288.09,0,70.00,0,0,0
1649700405,293.92,0,70.00,0,0,0
1649700410,288.98,0,70.00,0,0,0
1649700415,295.97,0,70.00,0,0,0
1649700421,289.84,0,70.00,0,0,0
1649700426,289.41,0,70.00,0,0,0
1649700432,285.25,0,70.00,0,0,0
1649700438,282.82,0,70.00,0,0,0
1649700443,285.98,0,70.00,0,0,0
1649700448,281.73,0,70.00,0,0,0
1649700454,280.40,0,70.00,0,0,0
1649700470,331.47,0,70.00,0,0,0
1649700476,332.59,0,70.00,0,0,0
1649700481,337.42,0,70.00,0,0,0
1649700487,339.68,0,70.00,0,0,0
1649700492,337.99,0,70.00,0,0,0
1649700498,343.03,0,70.00,0,0,0
1649700503,343.74,0,70.00,0,0,0
1649700509,342.49,0,70.00,0,0,0
1649700514,343.13,0,70.00,0,0,0
1649700520,342.07,0,70.00,0,0,0
1649700525,347.57,0,70.00,0,0,0
1649700531,337.71,0,70.00,0,0,0
1649700536,333.97,0,70.00,0,0,0
1649700542,336.97,0,70.00,0,0,0
1649700547,332.32,0,70.00,0,0,0
1649700553,328.71,0,70.00,0,0,0
1649700558,328.70,0,70.00,0,0,0
1649700564,328.83,0,70.00,0,0,0
1649700569,328.68,0,70.00,0,0,0
1649700575,326.30,0,70.00,0,0,0
1649700580,325.01,0,70.00,0,0,0
1649700586,324.64,0,70.00,0,0,0
1649700591,326.48,0,70.00,0,0,0
1649700597,329.10,0,70.00,0,0,0
1649700602,326.04,0,70.00,0,0,0
1649700608,325.63,0,70.00,0,0,0
1649700613,325.42,0,70.00,0,0,0
1649700619,328.94,0,70.00,0,0,0
1649700624,337.51,0,70.00,0,0,0
1649700630,333.92,0,70.00,0,0,0
1649700635,335.54,0,70.00,0,0,0
1649700641,354.89,0,70.00,0,0,0
1649700646,337.01,0,70.00,0,0,0
1649700652,329.41,0,70.00,0,0,0
1649700657,327.27,0,70.00,0,0,0
1649700663,327.91,0,70.00,0,0,0
1649700668,330.68,0,70.00,0,0,0
1649700674,327.89,0,70.00,0,0,0
1649700679,327.82,0,70.00,0,0,0
1649700685,327.11,0,70.00,0,0,0
1649700690,327.81,0,70.00,0,0,0
1649700699,326.63,0,70.00,0,0,0
1649700704,325.84,0,70.00,0,0,0
1649700710,327.29,0,70.00,0,0,0
1649700715,329.82,0,70.00,0,0,0
1649700721,326.29,0,70.00,0,0,0
1649700726,326.36,0,70.00,0,0,0
1649700732,327.63,0,70.00,0,0,0
1649700737,328.29,0,70.00,0,0,0
1649700743,333.65,0,70.00,0,0,0
1649700748,330.69,0,70.00,0,0,0
1649700753,334.97,0,70.00,0,0,0
1649700759,334.06,0,70.00,0,0,0
1649700764,435.63,0,70.00,0,0,0
1649700770,478.92,0,70.00,0,0,0
1649700775,477.30,0,70.00,0,0,0
1649700781,476.81,0,70.00,0,0,0
1649700786,478.38,0,70.00,0,0,0
1649700792,478.71,0,70.00,0,0,0
1649700797,480.31,0,70.00,0,0,0
1649700803,476.32,0,70.00,0,0,0
1649700808,475.44,0,70.00,0,0,0
1649700814,473.47,0,70.00,0,0,0
1649700819,473.53,0,70.00,0,0,0
1649700825,472.43,0,70.00,0,0,0
1649700830,473.90,0,70.00,0,0,0
1649700836,474.78,0,70.00,0,0,0
1649700841,475.70,0,70.00,0,0,0
1649700847,474.76,0,70.00,0,0,0
1649700852,472.71,0,70.00,0,0,0
1649700858,471.97,0,70.00,0,0,0
1649700863,472.86,0,70.00,0,0,0
1649700869,473.86,0,70.00,0,0,0
1649700874,472.41,0,70.00,0,0,0
1649700880,435.92,0,70.00,0,0,0
1649700885,404.42,0,70.00,0,0,0
1649700891,404.43,0,70.00,0,0,0
1649700896,403.65,0,70.00,0,0,0
1649700902,402.97,0,70.00,0,0,0
1649700907,404.31,0,70.00,0,0,0
1649700913,404.17,0,70.00,0,0,0
1649700918,403.16,0,70.00,0,0,0
1649700923,402.34,0,70.00,0,0,0
1649700929,401.89,0,70.00,0,0,0
1649700934,401.19,0,70.00,0,0,0
1649700940,402.15,0,70.00,0,0,0
1649700946,402.20,0,70.00,0,0,0
1649700951,404.18,0,70.00,0,0,0
1649700956,404.88,0,70.00,0,0,0
1649700962,395.94,0,70.00,0,0,0
1649700967,397.64,0,70.00,0,0,0
1649700973,387.02,0,70.00,0,0,0
1649700978,398.22,0,70.00,0,0,0
1649700984,396.26,0,70.00,0,0,0
1649700989,393.81,0,70.00,0,0,0
1649700995,383.18,0,70.00,0,0,0
1649701,402.07,0,70.00,0,0,0
1649701006,402.27,0,70.00,0,0,0
1649701011,401.79,0,70.00,0,0,0
1649701022,407.58,0,70.00,0,0,0
1649701028,403.02,0,70.00,0,0,0
1649701033,401.21,0,70.00,0,0,0
1649701039,402.77,0,70.00,0,0,0
1649701044,402.56,0,70.00,0,0,0
1649701050,400.45,0,70.00,0,0,0
1649701055,399.24,0,70.00,0,0,0
1649701061,399.03,0,70.00,0,0,0
1649701066,400.45,0,70.00,0,0,0
1649701072,399.67,0,70.00,0,0,0
1649701077,398.89,0,70.00,0,0,0
1649701083,389.92,0,70.00,0,0,0
1649701088,389.91,0,70.00,0,0,0
1649701094,381.26,0,70.00,0,0,0
1649701099,387.55,0,70.00,0,0,0
1649701104,407.33,0,70.00,0,0,0
1649701110,406.31,0,70.00,0,0,0
1649701115,401.93,0,70.00,0,0,0
1649701121,401.74,0,70.00,0,0,0
1649701126,403.26,0,70.00,0,0,0
1649701132,400.65,0,70.00,0,0,0
1649701137,400.85,0,70.00,0,0,0
1649701143,400.72,0,70.00,0,0,0
1649701148,400.24,0,70.00,0,0,0
1649701154,400.62,0,70.00,0,0,0
1649701159,400.26,0,70.00,0,0,0
1649701165,398.55,0,70.00,0,0,0
1649701170,400.40,0,70.00,0,0,0
1649701176,400.01,0,70.00,0,0,0
1649701181,401.22,0,70.00,0,0,0
1649701187,398.88,0,70.00,0,0,0
1649701192,399.29,0,70.00,0,0,0
1649701198,401.65,0,70.00,0,0,0
1649701203,397.55,0,70.00,0,0,0
1649701209,397.94,0,70.00,0,0,0
1649701214,399.35,0,70.00,0,0,0
1649701219,398.06,0,70.00,0,0,0
1649701225,400.19,0,70.00,0,0,0
1649701230,399.79,0,70.00,0,0,0
1649701236,399.32,0,70.00,0,0,0
1649701241,398.01,0,70.00,0,0,0
1649701248,398.88,0,70.00,0,0,0
1649701253,398.11,0,70.00,0,0,0
1649701259,399.78,0,70.00,0,0,0
1649701264,398.26,0,70.00,0,0,0
1649701270,399.61,0,70.00,0,0,0
1649701275,422.17,0,70.00,0,0,0
1649701281,432.76,0,70.00,0,0,0
1649701286,417.03,0,70.00,0,0,0
1649701292,406.30,0,70.00,0,0,0
1649701297,403.63,0,70.00,0,0,0
1649701303,400.83,0,70.00,0,0,0
1649701309,390.34,0,70.00,0,0,0
1649701314,407.72,0,70.00,0,0,0
1649701320,392.97,0,70.00,0,0,0
1649701325,389.32,0,70.00,0,0,0
1649701331,387.78,0,70.00,0,0,0
1649701336,389.66,0,70.00,0,0,0
1649701342,384.94,0,70.00,0,0,0
1649701348,384.65,0,70.00,0,0,0
1649701353,383.80,0,70.00,0,0,0
1649701359,386.70,0,70.00,0,0,0
1649701364,389.47,0,70.00,0,0,0
1649701370,392.42,0,70.00,0,0,0
1649701375,387.90,0,70.00,0,0,0
1649701380,383.91,0,70.00,0,0,0
1649701386,383.73,0,70.00,0,0,0
1649701391,386.48,0,70.00,0,0,0
1649701397,391.59,0,70.00,0,0,0
1649701403,387.90,0,70.00,0,0,0
1649701408,385.90,0,70.00,0,0,0
1649701414,404.32,0,70.00,0,0,0
1649701419,395.87,0,70.00,0,0,0
1649701425,383.82,0,70.00,0,0,0
1649701430,397.38,0,70.00,0,0,0
1649701436,411.29,0,70.00,0,0,0
1649701441,413.03,0,70.00,0,0,0
1649701447,409.62,0,70.00,0,0,0
1649701452,409.07,0,70.00,0,0,0
1649701458,409.47,0,70.00,0,0,0
1649701463,406.00,0,70.00,0,0,0
1649701468,409.49,0,70.00,0,0,0
1649701474,406.92,0,70.00,0,0,0
1649701479,407.19,0,70.00,0,0,0
1649701485,405.60,0,70.00,0,0,0
1649701490,408.56,0,70.00,0,0,0
1649701496,402.88,0,70.00,0,0,0
1649701501,404.19,0,70.00,0,0,0
1649701507,407.76,0,70.00,0,0,0
1649701512,402.71,0,70.00,0,0,0
1649701518,404.73,0,70.00,0,0,0
1649701523,399.24,0,70.00,0,0,0
1649701529,401.35,0,70.00,0,0,0
1649701534,398.10,0,70.00,0,0,0
1649701540,403.98,0,70.00,0,0,0
1649701545,410.96,0,70.00,0,0,0
1649701551,407.07,0,70.00,0,0,0
1649701557,400.90,0,70.00,0,0,0
1649701562,348.20,0,70.00,0,0,0
1649701568,289.40,0,70.00,0,0,0
1649701573,289.60,0,70.00,0,0,0
1649701578,290.20,0,70.00,0,0,0
1649701584,291.03,0,70.00,0,0,0
1649701589,291.67,0,70.00,0,0,0
1649701595,290.79,0,70.00,0,0,0
1649701600,290.31,0,70.00,0,0,0
1649701606,290.21,0,70.00,0,0,0
1649701611,291.54,0,70.00,0,0,0
1649701617,291.84,0,70.00,0,0,0
1649701622,290.61,0,70.00,0,0,0
1649701628,291.18,0,70.00,0,0,0
1649701634,290.33,0,70.00,0,0,0
1649701639,290.56,0,70.00,0,0,0
1649701644,292.10,0,70.00,0,0,0
1649701650,292.80,0,70.00,0,0,0
1649701656,292.41,0,70.00,0,0,0
1649701661,289.21,0,70.00,0,0,0
1649701667,290.75,0,70.00,0,0,0
1649701672,290.64,0,70.00,0,0,0
1649701678,281.73,0,70.00,0,0,0
1649701684,287.32,0,70.00,0,0,0
1649701689,277.42,0,70.00,0,0,0
1649701695,285.31,0,70.00,0,0,0
1649701700,283.11,0,70.00,0,0,0
1649701706,292.83,0,70.00,0,0,0
1649701711,293.16,0,70.00,0,0,0
1649701717,291.94,0,70.00,0,0,0
1649701722,289.63,0,70.00,0,0,0
1649701728,280.04,0,70.00,0,0,0
1649701733,285.69,0,70.00,0,0,0
1649701739,285.32,0,70.00,0,0,0
1649701744,283.68,0,70.00,0,0,0
1649701750,284.89,0,70.00,0,0,0
1649701755,282.57,0,70.00,0,0,0
1649701761,286.28,0,70.00,0,0,0
1649701766,285.35,0,70.00,0,0,0
1649701772,286.09,0,70.00,0,0,0
1649701777,287.44,0,70.00,0,0,0
1649701783,287.22,0,70.00,0,0,0
1649701789,287.42,0,70.00,0,0,0
1649701794,285.67,0,70.00,0,0,0
1649701800,286.37,0,70.00,0,0,0
1649701805,287.04,0,70.00,0,0,0
1649701811,286.67,0,70.00,0,0,0
1649701816,286.07,0,70.00,0,0,0
1649701822,290.36,0,70.00,0,0,0
1649701827,290.20,0,70.00,0,0,0
1649701833,289.57,0,70.00,0,0,0
1649701838,290.06,0,70.00,0,0,0
1649701844,288.94,0,70.00,0,0,0
1649701850,291.37,0,70.00,0,0,0
1649701855,297.70,0,70.00,0,0,0
1649701861,301.46,0,70.00,0,0,0
1649701866,295.02,0,70.00,0,0,0
1649701872,305.53,0,70.00,0,0,0
1649701877,286.44,0,70.00,0,0,0
1649701883,286.22,0,70.00,0,0,0
1649701888,293.99,0,70.00,0,0,0
1649701894,302.34,0,70.00,0,0,0
1649701899,297.53,0,70.00,0,0,0
1649701905,295.87,0,70.00,0,0,0
1649701916,2291.41,0,70.00,0,0,2000.00
1649701921,2288.01,0,70.00,0,0,2000.00
1649701927,2287.04,0,70.00,0,0,2000.00
1649701938,2285.71,0,70.00,0,0,2000.00
1649701943,2285.58,0,70.00,0,0,2000.00
1649701949,2285.00,0,70.00,0,0,2000.00
1649701954,2284.38,0,70.00,0,0,2000.00
1649701960,2287.87,0,70.00,0,0,2000.00
1649701965,2285.45,0,70.00,0,0,2000.00
1649701971,2274.50,0,70.00,0,0,2000.00
1649701976,2281.54,0,70.00,0,0,2000.00
1649701982,2278.84,0,70.00,0,0,2000.00
1649701989,2287.51,0,70.00,0,0,2000.00
1649701995,2276.36,0,70.00,0,0,2000.00
1649702000,2280.92,0,70.00,0,0,2000.00
1649702006,2281.68,0,70.00,0,0,2000.00
1649702012,2288.13,0,70.00,0,0,2000.00
1649702018,2290.49,0,70.00,0,0,2000.00
1649702024,2278.58,0,70.00,0,0,2000.00
1649702029,2282.12,0,70.00,0,0,2000.00
1649702035,2279.93,0,70.00,0,0,2000.00
1649702040,2277.30,0,70.00,0,0,2000.00
1649702046,2279.26,0,70.00,0,0,2000.00
1649702051,2277.22,0,70.00,0,0,2000.00
1649702057,2282.09,0,70.00,0,0,2000.00
1649702064,2282.51,0,70.00,0,0,2000.00
1649702069,2283.96,0,70.00,0,0,2000.00
1649702075,2284.57,0,70.00,0,0,2000.00
1649702080,2285.40,0,70.00,0,0,2000.00
1649702086,2281.34,0,70.00,0,0,2000.00
1649702091,2290.50,0,70.00,0,0,2000.00
1649702097,2289.33,0,70.00,0,0,2000.00
1649702108,291.60,0,70.00,0,0,0
1649702113,290.52,0,70.00,0,0,0
1649702119,290.41,0,70.00,0,0,0
1649702124,289.09,0,70.00,0,0,0
1649702130,290.63,0,70.00,0,0,0
1649702135,293.61,0,70.00,0,0,0
1649702141,289.67,0,70.00,0,0,0
1649702146,290.75,0,70.00,0,0,0
1649702151,290.34,0,70.00,0,0,0
1649702157,290.74,0,70.00,0,0,0
1649702163,290.38,0,70.00,0,0,0
1649702168,288.61,0,70.00,0,0,0
1649702174,293.48,0,70.00,0,0,0
1649702179,284.35,0,70.00,0,0,0
1649702185,284.91,0,70.00,0,0,0
1649702190,286.21,0,70.00,0,0,0
1649702196,287.69,0,70.00,0,0,0
1649702201,286.83,0,70.00,0,0,0
1649702207,285.89,0,70.00,0,0,0
1649702212,287.60,0,70.00,0,0,0
1649702218,287.61,0,70.00,0,0,0
1649702223,286.49,0,70.00,0,0,0
1649702229,286.47,0,70.00,0,0,0
1649702234,286.19,0,70.00,0,0,0
1649702240,309.13,0,70.00,0,0,0
1649702245,298.69,0,70.00,0,0,0
1649702251,307.23,0,70.00,0,0,0
1649702256,296.43,0,70.00,0,0,0
1649702262,294.69,0,70.00,0,0,0
1649702267,295.06,0,70.00,0,0,0
1649702273,295.31,0,70.00,0,0,0
1649702278,295.91,0,70.00,0,0,0
1649702284,295.02,0,70.00,0,0,0
1649702289,293.98,0,70.00,0,0,0
1649702295,293.48,0,70.00,0,0,0
1649702300,293.28,0,70.00,0,0,0
1649702306,293.18,0,70.00,0,0,0
1649702311,291.36,0,70.00,0,0,0
1649702317,290.98,0,70.00,0,0,0
1649702322,290.41,0,70.00,0,0,0
1649702328,282.10,0,70.00,0,0,0
1649702333,275.81,0,70.00,0,0,0
1649702339,278.75,0,70.00,0,0,0
1649702344,295.01,0,70.00,0,0,0
1649702361,343.47,0,70.00,0,0,0
1649702366,354.55,0,70.00,0,0,0
1649702372,360.86,0,70.00,0,0,0
1649702377,356.10,0,70.00,0,0,0
1649702383,350.36,0,70.00,0,0,0
1649702388,353.41,0,70.00,0,0,0
1649702394,350.03,0,70.00,0,0,0
1649702399,342.45,0,70.00,0,0,0
1649702405,332.92,0,70.00,0,0,0
1649702410,349.60,0,70.00,0,0,0
1649702416,347.89,0,70.00,0,0,0
1649702421,352.78,0,70.00,0,0,0
1649702427,347.90,0,70.00,0,0,0
1649702432,354.33,0,70.00,0,0,0
1649702438,352.33,0,70.00,0,0,0
1649702443,343.83,0,70.00,0,0,0
1649702449,345.63,0,70.00,0,0,0
1649702454,344.45,0,70.00,0,0,0
1649702460,347.75,0,70.00,0,0,0
1649702465,348.23,0,70.00,0,0,0
1649702471,328.68,0,70.00,0,0,0
1649702476,342.25,0,70.00,0,0,0
1649702482,344.00,0,70.00,0,0,0
1649702487,342.67,0,70.00,0,0,0
1649702493,343.90,0,70.00,0,0,0
1649702498,345.77,0,70.00,0,0,0
1649702504,342.72,0,70.00,0,0,0
1649702509,346.21,0,70.00,0,0,0
1649702515,329.62,0,70.00,0,0,0
1649702520,332.76,0,70.00,0,0,0
1649702526,328.59,0,70.00,0,0,0
1649702531,330.48,0,70.00,0,0,0
1649702537,332.00,0,70.00,0,0,0
1649702543,341.84,0,70.00,0,0,0
1649702548,346.06,0,70.00,0,0,0
1649702554,357.49,0,70.00,0,0,0
1649702559,353.84,0,70.00,0,0,0
1649702565,352.33,0,70.00,0,0,0
1649702571,349.01,0,70.00,0,0,0
1649702576,350.46,0,70.00,0,0,0
1649702582,348.76,0,70.00,0,0,0
1649702587,351.60,0,70.00,0,0,0
1649702593,341.53,0,70.00,0,0,0
1649702598,344.56,0,70.00,0,0,0
1649702604,359.63,0,70.00,0,0,0
1649702609,361.98,0,70.00,0,0,0
1649702615,352.08,0,70.00,0,0,0
1649702620,348.14,0,70.00,0,0,0
1649702626,349.57,0,70.00,0,0,0
1649702637,349.81,0,70.00,0,0,0
1649702642,351.11,0,70.00,0,0,0
1649702648,349.94,0,70.00,0,0,0
1649702653,351.96,0,70.00,0,0,0
1649702659,353.39,0,70.00,0,0,0
1649702664,344.34,0,70.00,0,0,0
1649702670,345.14,0,70.00,0,0,0
1649702676,337.26,0,70.00,0,0,0
1649702681,337.71,0,70.00,0,0,0
1649702687,326.95,0,70.00,0,0,0
1649702692,334.94,0,70.00,0,0,0
1649702698,339.90,0,70.00,0,0,0
1649702703,344.27,0,70.00,0,0,0
1649702709,341.27,0,70.00,0,0,0
1649702715,340.15,0,70.00,0,0,0
1649702720,340.72,0,70.00,0,0,0
1649702726,340.16,0,70.00,0,0,0
1649702731,340.13,0,70.00,0,0,0
1649702737,342.18,0,70.00,0,0,0
1649702742,339.81,0,70.00,0,0,0
1649702748,341.80,0,70.00,0,0,0
1649702753,300.01,0,70.00,0,0,0
1649702759,296.11,0,70.00,0,0,0
1649702764,299.96,0,70.00,0,0,0
1649702770,297.21,0,70.00,0,0,0
1649702775,296.42,0,70.00,0,0,0
1649702781,296.42,0,70.00,0,0,0
1649702786,294.11,0,70.00,0,0,0
1649702792,294.60,0,70.00,0,0,0
1649702798,297.35,0,70.00,0,0,0
1649702803,294.39,0,70.00,0,0,0
1649702809,295.81,0,70.00,0,0,0
1649702814,295.51,0,70.00,0,0,0
1649702820,296.77,0,70.00,0,0,0
1649702825,300.57,0,70.00,0,0,0
1649702831,296.83,0,70.00,0,0,0
1649702836,297.20,0,70.00,0,0,0
1649702842,296.33,0,70.00,0,0,0
1649702847,296.57,0,70.00,0,0,0
1649702853,299.13,0,70.00,0,0,0
1649702858,298.30,0,70.00,0,0,0
1649702864,298.10,0,70.00,0,0,0
1649702870,298.65,0,70.00,0,0,0
1649702875,295.41,0,70.00,0,0,0
1649702880,298.28,0,70.00,0,0,0
1649702886,301.39,0,70.00,0,0,0
1649702892,297.16,0,70.00,0,0,0
1649702897,298.59,0,70.00,0,0,0
1649702903,298.30,0,70.00,0,0,0
1649702908,295.06,0,70.00,0,0,0
1649702914,299.54,0,70.00,0,0,0
1649702919,301.14,0,70.00,0,0,0
1649702925,306.90,0,70.00,0,0,0
1649702930,313.53,0,70.00,0,0,0
1649702936,296.51,0,70.00,0,0,0
1649702942,295.53,0,70.00,0,0,0
1649702947,297.65,0,70.00,0,0,0
1649702953,296.16,0,70.00,0,0,0
1649702958,295.63,0,70.00,0,0,0
1649702964,297.23,0,70.00,0,0,0
1649702969,298.97,0,70.00,0,0,0
1649702975,299.15,0,70.00,0,0,0
1649702980,297.60,0,70.00,0,0,0
1649702986,296.44,0,70.00,0,0,0
1649702992,296.24,0,70.00,0,0,0
1649702997,295.43,0,70.00,0,0,0
1649703003,295.56,0,70.00,0,0,0
1649703008,297.45,0,70.00,0,0,0
1649703014,294.59,0,70.00,0,0,0
1649703019,296.39,0,70.00,0,0,0
1649703025,295.76,0,70.00,0,0,0
1649703031,297.44,0,70.00,0,0,0
1649703036,300.32,0,70.00,0,0,0
1649703041,296.47,0,70.00,0,0,0
1649703047,296.44,0,70.00,0,0,0
1649703053,294.55,0,70.00,0,0,0
1649703058,294.83,0,70.00,0,0,0
1649703064,297.12,0,70.00,0,0,0
1649703069,296.73,0,70.00,0,0,0
1649703075,296.57,0,70.00,0,0,0
1649703080,300.17,0,70.00,0,0,0
1649703086,303.65,0,70.00,0,0,0
1649703091,299.47,0,70.00,0,0,0
1649703097,289.94,0,70.00,0,0,0
1649703102,286.20,0,70.00,0,0,0
1649703108,296.96,0,70.00,0,0,0
1649703114,309.34,0,70.00,0,0,0
1649703119,306.16,0,70.00,0,0,0
1649703125,307.52,0,70.00,0,0,0
1649703130,304.99,0,70.00,0,0,0
1649703136,304.15,0,70.00,0,0,0
1649703141,302.83,0,70.00,0,0,0
1649703147,302.31,0,70.00,0,0,0
1649703153,302.29,0,70.00,0,0,0
1649703158,303.34,0,70.00,0,0,0
1649703164,301.65,0,70.00,0,0,0
1649703169,300.52,0,70.00,0,0,0
1649703175,300.05,0,70.00,0,0,0
1649703180,300.63,0,70.00,0,0,0
1649703186,303.25,0,70.00,0,0,0
1649703192,305.89,0,70.00,0,0,0
1649703197,310.78,0,70.00,0,0,0
1649703203,299.52,0,70.00,0,0,0
1649703208,299.62,0,70.00,0,0,0
1649703214,300.28,0,70.00,0,0,0
1649703219,300.54,0,70.00,0,0,0
1649703225,299.66,0,70.00,0,0,0
1649703230,297.86,0,70.00,0,0,0
1649703236,297.38,0,70.00,0,0,0
1649703241,299.19,0,70.00,0,0,0
1649703247,300.64,0,70.00,0,0,0
1649703253,298.32,0,70.00,0,0,0
1649703258,298.81,0,70.00,0,0,0
1649703264,297.27,0,70.00,0,0,0
1649703269,297.97,0,70.00,0,0,0
1649703275,300.93,0,70.00,0,0,0
1649703280,287.23,0,70.00,0,0,0
1649703286,283.88,0,70.00,0,0,0
1649703291,291.11,0,70.00,0,0,0
1649703297,291.85,0,70.00,0,0,0
1649703302,292.72,0,70.00,0,0,0
1649703308,292.52,0,70.00,0,0,0
1649703314,293.17,0,70.00,0,0,0
1649703319,293.02,0,70.00,0,0,0
1649703325,292.70,0,70.00,0,0,0
1649703330,292.67,0,70.00,0,0,0
1649703341,1636.23,0,70.00,1300.00,0,0
1649703347,1630.79,0,70.00,1300.00,0,0
1649703352,1631.51,0,70.00,1300.00,0,0
1649703358,1629.01,0,70.00,1300.00,0,0
1649703363,1631.62,0,70.00,1300.00,0,0
1649703369,1625.17,0,70.00,1300.00,0,0
1649703375,1630.34,0,70.00,1300.00,0,0
1649703391,309.07,0,70.00,0,0,0
1649703397,302.73,0,70.00,0,0,0
1649703403,301.28,0,70.00,0,0,0
1649703408,302.03,0,70.00,0,0,0
1649703414,296.77,0,70.00,0,0,0
1649703419,294.98,0,70.00,0,0,0
1649703425,301.15,0,70.00,0,0,0
1649703430,302.44,0,70.00,0,0,0
1649703436,301.56,0,70.00,0,0,0
1649703441,302.27,0,70.00,0,0,0
1649703447,299.28,0,70.00,0,0,0
1649703452,303.35,0,70.00,0,0,0
1649703458,316.06,0,70.00,0,0,0
1649703463,307.98,0,70.00,0,0,0
1649703469,299.83,0,70.00,0,0,0
1649703475,293.72,0,70.00,0,0,0
1649703480,297.88,0,70.00,0,0,0
1649703486,299.16,0,70.00,0,0,0
1649703491,299.74,0,70.00,0,0,0
1649703497,300.30,0,70.00,0,0,0
1649703502,296.98,0,70.00,0,0,0
1649703508,296.59,0,70.00,0,0,0
1649703513,294.44,0,70.00,0,0,0
1649703519,290.98,0,70.00,0,0,0
1649703525,289.68,0,70.00,0,0,0
1649703530,296.18,0,70.00,0,0,0
1649703536,290.62,0,70.00,0,0,0
1649703541,290.95,0,70.00,0,0,0
1649703546,292.63,0,70.00,0,0,0
1649703552,289.59,0,70.00,0,0,0
1649703558,291.63,0,70.00,0,0,0
1649703563,297.31,0,70.00,0,0,0
1649703569,293.71,0,70.00,0,0,0
1649703574,290.25,0,70.00,0,0,0
1649703580,293.96,0,70.00,0,0,0
1649703585,290.12,0,70.00,0,0,0
1649703591,292.51,0,70.00,0,0,0
1649703596,289.79,0,70.00,0,0,0
1649703613,511.89,0,70.00,0,180.00,0
1649703618,509.53,0,70.00,0,180.00,0
1649703624,514.02,0,70.00,0,180.00,0
1649703629,516.18,0,70.00,0,180.00,0
1649703635,513.34,0,70.00,0,180.00,0
1649703651,1821.12,0,70.00,1300.00,180.00,0
1649703656,1814.83,0,70.00,1300.00,180.00,0
1649703667,1811.32,0,70.00,1300.00,180.00,0
1649703673,1807.79,0,70.00,1300.00,180.00,0
1649703678,1808.13,0,70.00,1300.00,180.00,0
1649703689,506.45,0,70.00,0,180.00,0
1649703695,506.25,0,70.00,0,180.00,0
1649703700,504.53,0,70.00,0,180.00,0
1649703706,504.32,0,70.00,0,180.00,0
1649703711,506.76,0,70.00,0,180.00,0
1649703716,507.66,0,70.00,0,180.00,0
1649703722,506.80,0,70.00,0,180.00,0
1649703728,504.13,0,70.00,0,180.00,0
1649703733,502.55,0,70.00,0,180.00,0
1649703739,503.82,0,70.00,0,180.00,0
1649703744,503.80,0,70.00,0,180.00,0
1649703750,505.58,0,70.00,0,180.00,0
1649703755,504.87,0,70.00,0,180.00,0
1649703761,503.73,0,70.00,0,180.00,0
1649703772,293.45,0,70.00,0,0,0
1649703777,293.51,0,70.00,0,0,0
1649703783,293.72,0,70.00,0,0,0
1649703788,295.67,0,70.00,0,0,0
1649703794,295.77,0,70.00,0,0,0
1649703799,297.12,0,70.00,0,0,0
1649703805,298.63,0,70.00,0,0,0
1649703810,314.89,0,70.00,0,0,0
1649703816,301.85,0,70.00,0,0,0
1649703821,299.85,0,70.00,0,0,0
1649703827,301.44,0,70.00,0,0,0
1649703832,300.98,0,70.00,0,0,0
1649703838,301.21,0,70.00,0,0,0
1649703843,303.19,0,70.00,0,0,0
1649703849,303.20,0,70.00,0,0,0
1649703854,303.08,0,70.00,0,0,0
1649703860,302.84,0,70.00,0,0,0
1649703865,304.74,0,70.00,0,0,0
1649703871,339.63,0,70.00,0,0,0
1649703882,405.34,0,70.00,0,0,0
1649703887,402.21,0,70.00,0,0,0
1649703893,396.11,0,70.00,0,0,0
1649703898,397.51,0,70.00,0,0,0
1649703904,391.86,0,70.00,0,0,0
1649703910,389.00,0,70.00,0,0,0
1649703915,378.22,0,70.00,0,0,0
1649703921,326.80,0,70.00,0,0,0
1649703926,352.11,0,70.00,0,0,0
1649703932,340.52,0,70.00,0,0,0
1649703937,316.69,0,70.00,0,0,0
1649703943,369.24,0,70.00,0,0,0
1649703948,320.97,0,70.00,0,0,0
1649703954,333.27,0,70.00,0,0,0
1649703959,336.12,0,70.00,0,0,0
1649703965,323.54,0,70.00,0,0,0
1649703970,299.50,0,70.00,0,0,0
1649703976,353.70,0,70.00,0,0,0
1649703981,335.55,0,70.00,0,0,0
1649703987,294.95,0,70.00,0,0,0
1649703992,351.44,0,70.00,0,0,0
1649703998,345.54,0,70.00,0,0,0
1649704003,307.89,0,70.00,0,0,0
1649704009,321.06,0,70.00,0,0,0
1649704014,330.66,0,70.00,0,0,0
1649704020,324.36,0,70.00,0,0,0
1649704025,296.48,0,70.00,0,0,0
1649704031,329.78,0,70.00,0,0,0
1649704036,338.83,0,70.00,0,0,0
1649704042,310.44,0,70.00,0,0,0
1649704047,324.22,0,70.00,0,0,0
1649704053,345.40,0,70.00,0,0,0
1649704059,338.55,0,70.00,0,0,0
1649704064,301.22,0,70.00,0,0,0
1649704070,328.81,0,70.00,0,0,0
1649704075,334.04,0,70.00,0,0,0
1649704081,317.22,0,70.00,0,0,0
1649704086,293.72,0,70.00,0,0,0
1649704092,327.86,0,70.00,0,0,0
1649704097,336.13,0,70.00,0,0,0
1649704103,305.14,0,70.00,0,0,0
1649704108,310.04,0,70.00,0,0,0
1649704114,331.12,0,70.00,0,0,0
1649704119,335.69,0,70.00,0,0,0
1649704125,306.59,0,70.00,0,0,0
1649704130,316.20,0,70.00,0,0,0
1649704136,337.18,0,70.00,0,0,0
1649704141,329.00,0,70.00,0,0,0
1649704146,294.54,0,70.00,0,0,0
1649704152,320.56,0,70.00,0,0,0
1649704157,318.81,0,70.00,0,0,0
1649704163,327.75,0,70.00,0,0,0
1649704169,310.93,0,70.00,0,0,0
1649704174,302.76,0,70.00,0,0,0
1649704185,390.25,0,70.00,0,0,0
1649704190,364.75,0,70.00,0,0,0
1649704196,357.81,0,70.00,0,0,0
1649704201,389.37,0,70.00,0,0,0
1649704207,385.98,0,70.00,0,0,0
1649704212,358.53,0,70.00,0,0,0
1649704218,366.04,0,70.00,0,0,0
1649704223,388.43,0,70.00,0,0,0
1649704229,384.65,0,70.00,0,0,0
1649704234,371.98,0,70.00,0,0,0
1649704240,360.33,0,70.00,0,0,0
1649704245,382.02,0,70.00,0,0,0
1649704250,384.63,0,70.00,0,0,0
1649704256,363.00,0,70.00,0,0,0
1649704261,366.86,0,70.00,0,0,0
1649704267,386.85,0,70.00,0,0,0
1649704272,385.16,0,70.00,0,0,0
1649704278,366.11,0,70.00,0,0,0
1649704283,355.41,0,70.00,0,0,0
1649704289,382.26,0,70.00,0,0,0
1649704294,377.33,0,70.00,0,0,0
1649704300,374.73,0,70.00,0,0,0
1649704305,344.45,0,70.00,0,0,0
1649704311,380.52,0,70.00,0,0,0
1649704316,397.35,0,70.00,0,0,0
1649704322,396.99,0,70.00,0,0,0
1649704327,355.44,0,70.00,0,0,0
1649704333,367.58,0,70.00,0,0,0
1649704339,382.58,0,70.00,0,0,0
1649704344,382.24,0,70.00,0,0,0
1649704350,369.80,0,70.00,0,0,0
1649704355,358.50,0,70.00,0,0,0
1649704361,392.06,0,70.00,0,0,0
1649704367,390.05,0,70.00,0,0,0
1649704372,398.74,0,70.00,0,0,0
1649704377,343.67,0,70.00,0,0,0
1649704383,360.31,0,70.00,0,0,0
1649704388,374.55,0,70.00,0,0,0
1649704394,383.38,0,70.00,0,0,0
1649704400,368.47,0,70.00,0,0,0
1649704405,350.97,0,70.00,0,0,0
1649704411,376.94,0,70.00,0,0,0
1649704416,381.04,0,70.00,0,0,0
1649704422,378.00,0,70.00,0,0,0
1649704427,346.44,0,70.00,0,0,0
1649704433,369.85,0,70.00,0,0,0
1649704438,376.74,0,70.00,0,0,0
1649704444,382.55,0,70.00,0,0,0
1649704449,357.99,0,70.00,0,0,0
1649704455,355.52,0,70.00,0,0,0
1649704460,377.11,0,70.00,0,0,0
1649704466,379.25,0,70.00,0,0,0
1649704472,369.92,0,70.00,0,0,0
1649704477,349.11,0,70.00,0,0,0
1649704483,353.06,0,70.00,0,0,0
1649704488,378.91,0,70.00,0,0,0
1649704493,371.57,0,70.00,0,0,0
1649704499,367.12,0,70.00,0,0,0
1649704505,347.14,0,70.00,0,0,0
1649704510,377.17,0,70.00,0,0,0
1649704516,384.90,0,70.00,0,0,0
1649704521,381.64,0,70.00,0,0,0
1649704527,361.01,0,70.00,0,0,0
1649704532,361.39,0,70.00,0,0,0
1649704538,383.50,0,70.00,0,0,0
1649704543,379.90,0,70.00,0,0,0
1649704549,381.18,0,70.00,0,0,0
1649704554,351.13,0,70.00,0,0,0
1649704560,369.71,0,70.00,0,0,0
1649704565,380.05,0,70.00,0,0,0
1649704571,381.81,0,70.00,0,0,0
1649704576,355.40,0,70.00,0,0,0
1649704582,351.77,0,70.00,0,0,0
1649704587,377.75,0,70.00,0,0,0
1649704593,369.11,0,70.00,0,0,0
1649704598,368.49,0,70.00,0,0,0
1649704604,339.46,0,70.00,0,0,0
1649704609,327.18,0,70.00,0,0,0
1649704615,329.01,0,70.00,0,0,0
1649704620,329.58,0,70.00,0,0,0
1649704626,302.49,0,70.00,0,0,0
1649704631,309.41,0,70.00,0,0,0
1649704637,323.99,0,70.00,0,0,0
1649704642,326.23,0,70.00,0,0,0
1649704648,323.99,0,70.00,0,0,0
1649704653,299.49,0,70.00,0,0,0
1649704659,312.31,0,70.00,0,0,0
1649704664,328.48,0,70.00,0,0,0
1649704670,341.52,0,70.00,0,0,0
1649704675,314.13,0,70.00,0,0,0
1649704681,303.21,0,70.00,0,0,0
1649704686,327.92,0,70.00,0,0,0
1649704692,327.15,0,70.00,0,0,0
1649704697,336.65,0,70.00,0,0,0
1649704703,318.81,0,70.00,0,0,0
1649704708,306.32,0,70.00,0,0,0
1649704714,329.13,0,70.00,0,0,0
1649704720,329.13,0,70.00,0,0,0
1649704725,331.74,0,70.00,0,0,0
1649704731,313.72,0,70.00,0,0,0
1649704736,303.56,0,70.00,0,0,0
1649704742,331.07,0,70.00,0,0,0
1649704747,336.12,0,70.00,0,0,0
1649704753,335.92,0,70.00,0,0,0
1649704758,322.21,0,70.00,0,0,0
1649704764,320.64,0,70.00,0,0,0
1649704770,328.89,0,70.00,0,0,0
1649704775,330.58,0,70.00,0,0,0
1649704781,340.96,0,70.00,0,0,0
1649704786,322.63,0,70.00,0,0,0
1649704792,302.57,0,70.00,0,0,0
1649704797,332.59,0,70.00,0,0,0
1649704803,342.15,0,70.00,0,0,0
1649704809,330.94,0,70.00,0,0,0
1649704814,321.38,0,70.00,0,0,0
1649704819,291.27,0,70.00,0,0,0
1649704825,315.11,0,70.00,0,0,0
1649704831,318.59,0,70.00,0,0,0
1649704836,321.80,0,70.00,0,0,0
1649704842,308.72,0,70.00,0,0,0
1649704847,286.37,0,70.00,0,0,0
1649704853,307.03,0,70.00,0,0,0
1649704858,313.66,0,70.00,0,0,0
1649704864,313.99,0,70.00,0,0,0
1649704869,305.90,0,70.00,0,0,0
1649704875,296.59,0,70.00,0,0,0
1649704881,318.88,0,70.00,0,0,0
1649704886,321.81,0,70.00,0,0,0
1649704892,320.85,0,70.00,0,0,0
1649704898,331.27,0,70.00,0,0,0
1649704903,303.60,0,70.00,0,0,0
1649704909,300.90,0,70.00,0,0,0
1649704914,325.07,0,70.00,0,0,0
1649704920,337.00,0,70.00,0,0,0
1649704925,335.23,0,70.00,0,0,0
1649704931,312.54,0,70.00,0,0,0
1649704936,308.94,0,70.00,0,0,0
1649704942,331.18,0,70.00,0,0,0
1649704947,332.52,0,70.00,0,0,0
1649704953,320.38,0,70.00,0,0,0
1649704959,310.29,0,70.00,0,0,0
1649704964,280.49,0,70.00,0,0,0
1649704970,303.83,0,70.00,0,0,0
1649704975,309.20,0,70.00,0,0,0
1649704981,316.12,0,70.00,0,0,0
1649704986,300.87,0,70.00,0,0,0
1649704991,281.19,0,70.00,0,0,0
1649704997,307.75,0,70.00,0,0,0
1649705002,315.88,0,70.00,0,0,0
1649705008,315.81,0,70.00,0,0,0
1649705014,314.29,0,70.00,0,0,0
1649705019,286.02,0,70.00,0,0,0
1649705025,306.19,0,70.00,0,0,0
1649705030,313.08,0,70.00,0,0,0
1649705036,315.87,0,70.00,0,0,0
1649705041,314.71,0,70.00,0,0,0
1649705047,287.09,0,70.00,0,0,0
1649705052,302.32,0,70.00,0,0,0
1649705058,313.03,0,70.00,0,0,0
1649705063,324.63,0,70.00,0,0,0
1649705068,328.50,0,70.00,0,0,0
1649705074,301.21,0,70.00,0,0,0
1649705080,316.66,0,70.00,0,0,0
1649705085,327.33,0,70.00,0,0,0
1649705091,331.34,0,70.00,0,0,0
1649705096,328.11,0,70.00,0,0,0
1649705102,304.57,0,70.00,0,0,0
1649705107,318.12,0,70.00,0,0,0
1649705113,327.66,0,70.00,0,0,0
1649705118,313.52,0,70.00,0,0,0
1649705124,316.64,0,70.00,0,0,0
1649705129,288.88,0,70.00,0,0,0
1649705135,303.45,0,70.00,0,0,0
1649705140,311.51,0,70.00,0,0,0
1649705146,314.72,0,70.00,0,0,0
1649705151,312.77,0,70.00,0,0,0
1649705157,299.80,0,70.00,0,0,0
1649705162,296.54,0,70.00,0,0,0
1649705168,315.81,0,70.00,0,0,0
1649705174,312.48,0,70.00,0,0,0
1649705179,312.49,0,70.00,0,0,0
1649705185,302.53,0,70.00,0,0,0
1649705190,293.70,0,70.00,0,0,0
1649705196,325.53,0,70.00,0,0,0
1649705201,312.36,0,70.00,0,0,0
1649705207,312.99,0,70.00,0,0,0
1649705212,308.90,0,70.00,0,0,0
1649705218,289.20,0,70.00,0,0,0
1649705223,308.18,0,70.00,0,0,0
1649705229,313.38,0,70.00,0,0,0
1649705234,310.15,0,70.00,0,0,0
1649705240,314.60,0,70.00,0,0,0
1649705245,294.42,0,70.00,0,0,0
1649705251,303.43,0,70.00,0,0,0
1649705256,315.23,0,70.00,0,0,0
1649705262,311.30,0,70.00,0,0,0
1649705267,312.01,0,70.00,0,0,0
1649705273,296.34,0,70.00,0,0,0
1649705278,299.36,0,70.00,0,0,0
1649705284,314.87,0,70.00,0,0,0
1649705289,312.98,0,70.00,0,0,0
1649705295,313.40,0,70.00,0,0,0
1649705300,302.12,0,70.00,0,0,0
1649705306,297.05,0,70.00,0,0,0
1649705311,322.56,0,70.00,0,0,0
1649705317,317.64,0,70.00,0,0,0
1649705322,312.89,0,70.00,0,0,0
1649705328,309.39,0,70.00,0,0,0
1649705333,288.10,0,70.00,0,0,0
1649705339,303.01,0,70.00,0,0,0
1649705344,314.18,0,70.00,0,0,0
1649705350,311.08,0,70.00,0,0,0
1649705355,311.32,0,70.00,0,0,0
1649705361,321.53,0,70.00,0,0,0
1649705367,300.27,0,70.00,0,0,0
1649705372,320.53,0,70.00,0,0,0
1649705378,323.41,0,70.00,0,0,0
1649705383,321.06,0,70.00,0,0,0
1649705389,328.73,0,70.00,0,0,0
1649705394,308.58,0,70.00,0,0,0
1649705400,331.37,0,70.00,0,0,0
1649705405,361.58,0,70.00,0,0,0
1649705411,349.31,0,70.00,0,0,0
1649705416,336.39,0,70.00,0,0,0
1649705422,309.51,0,70.00,0,0,0
1649705427,284.66,0,70.00,0,0,0
1649705433,310.08,0,70.00,0,0,0
1649705438,329.76,0,70.00,0,0,0
1649705444,353.58,0,70.00,0,0,0
1649705449,348.18,0,70.00,0,0,0
1649705455,327.83,0,70.00,0,0,0
1649705460,324.76,0,70.00,0,0,0
1649705466,336.61,0,70.00,0,0,0
1649705471,331.22,0,70.00,0,0,0
1649705477,334.50,0,70.00,0,0,0
1649705482,327.57,0,70.00,0,0,0
1649705488,306.87,0,70.00,0,0,0
1649705494,326.70,0,70.00,0,0,0
1649705499,329.03,0,70.00,0,0,0
1649705505,329.58,0,70.00,0,0,0
1649705510,327.87,0,70.00,0,0,0
1649705516,314.31,0,70.00,0,0,0
1649705521,300.55,0,70.00,0,0,0
1649705527,321.71,0,70.00,0,0,0
1649705532,322.47,0,70.00,0,0,0
1649705538,320.66,0,70.00,0,0,0
1649705543,300.32,0,70.00,0,0,0
1649705549,309.80,0,70.00,0,0,0
1649705554,314.08,0,70.00,0,0,0
1649705560,307.01,0,70.00,0,0,0
1649705566,305.97,0,70.00,0,0,0
1649705571,304.92,0,70.00,0,0,0
1649705577,303.35,0,70.00,0,0,0
1649705582,302.46,0,70.00,0,0,0
1649705587,303.72,0,70.00,0,0,0
1649705593,307.01,0,70.00,0,0,0
1649705598,304.98,0,70.00,0,0,0
1649705604,305.93,0,70.00,0,0,0
1649705609,304.45,0,70.00,0,0,0
1649705615,304.88,0,70.00,0,0,0
1649705620,306.26,0,70.00,0,0,0
1649705626,298.86,0,70.00,0,0,0
1649705631,291.84,0,70.00,0,0,0
1649705637,295.93,0,70.00,0,0,0
1649705642,300.53,0,70.00,0,0,0
1649705648,300.94,0,70.00,0,0,0
1649705653,299.60,0,70.00,0,0,0
1649705659,301.17,0,70.00,0,0,0
1649705664,303.20,0,70.00,0,0,0
1649705670,310.00,0,70.00,0,0,0
1649705676,311.48,0,70.00,0,0,0
1649705681,311.29,0,70.00,0,0,0
1649705687,306.27,0,70.00,0,0,0
1649705692,296.91,0,70.00,0,0,0
1649705698,298.15,0,70.00,0,0,0
1649705703,305.99,0,70.00,0,0,0
1649705709,310.23,0,70.00,0,0,0
1649705714,301.62,0,70.00,0,0,0
1649705720,298.24,0,70.00,0,0,0
1649705725,307.99,0,70.00,0,0,0
1649705731,308.19,0,70.00,0,0,0
1649705736,301.92,0,70.00,0,0,0
1649705742,304.95,0,70.00,0,0,0
1649705747,312.28,0,70.00,0,0,0
1649705753,301.56,0,70.00,0,0,0
1649705758,305.64,0,70.00,0,0,0
1649705764,305.63,0,70.00,0,0,0
1649705769,333.23,0,70.00,0,0,0
1649705775,317.27,0,70.00,0,0,0
1649705780,304.14,0,70.00,0,0,0
1649705786,314.54,0,70.00,0,0,0
1649705791,324.10,0,70.00,0,0,0
1649705797,322.59,0,70.00,0,0,0
1649705802,318.28,0,70.00,0,0,0
1649705808,312.51,0,70.00,0,0,0
1649705813,315.64,0,70.00,0,0,0
1649705819,311.00,0,70.00,0,0,0
1649705824,313.21,0,70.00,0,0,0
1649705830,298.03,0,70.00,0,0,0
1649705836,302.20,0,70.00,0,0,0
1649705841,305.84,0,70.00,0,0,0
1649705847,306.09,0,70.00,0,0,0
1649705852,304.01,0,70.00,0,0,0
1649705857,295.07,0,70.00,0,0,0
1649705869,361.79,0,70.00,0,0,0
1649705874,364.56,0,70.00,0,0,0
1649705879,358.19,0,70.00,0,0,0
1649705885,359.31,0,70.00,0,0,0
1649705891,360.00,0,70.00,0,0,0
1649705896,356.78,0,70.00,0,0,0
1649705901,356.44,0,70.00,0,0,0
1649705907,359.24,0,70.00,0,0,0
1649705912,361.79,0,70.00,0,0,0
1649705918,351.55,0,70.00,0,0,0
1649705923,344.37,0,70.00,0,0,0
1649705929,366.10,0,70.00,0,0,0
1649705934,363.56,0,70.00,0,0,0
1649705940,366.82,0,70.00,0,0,0
1649705945,368.39,0,70.00,0,0,0
1649705951,370.98,0,70.00,0,0,0
1649705956,369.24,0,70.00,0,0,0
1649705962,364.31,0,70.00,0,0,0
1649705967,350.21,0,70.00,0,0,0
1649705973,365.07,0,70.00,0,0,0
1649705978,366.77,0,70.00,0,0,0
1649705984,368.58,0,70.00,0,0,0
1649705989,368.95,0,70.00,0,0,0
1649705995,360.00,0,70.00,0,0,0
1649706001,361.13,0,70.00,0,0,0
1649706006,346.15,0,70.00,0,0,0
1649706011,352.39,0,70.00,0,0,0
1649706017,361.30,0,70.00,0,0,0
1649706023,367.21,0,70.00,0,0,0
1649706028,372.70,0,70.00,0,0,0
1649706034,369.69,0,70.00,0,0,0
1649706039,369.06,0,70.00,0,0,0
1649706045,352.37,0,70.00,0,0,0
1649706050,341.02,0,70.00,0,0,0
1649706056,357.27,0,70.00,0,0,0
1649706061,355.16,0,70.00,0,0,0
1649706067,358.23,0,70.00,0,0,0
1649706072,363.62,0,70.00,0,0,0
1649706078,361.89,0,70.00,0,0,0
1649706083,354.53,0,70.00,0,0,0
1649706089,338.28,0,70.00,0,0,0
1649706094,348.86,0,70.00,0,0,0
1649706100,365.79,0,70.00,0,0,0
1649706105,363.16,0,70.00,0,0,0
1649706111,361.66,0,70.00,0,0,0
1649706116,353.50,0,70.00,0,0,0
1649706122,352.43,0,70.00,0,0,0
1649706127,358.05,0,70.00,0,0,0
1649706133,359.93,0,70.00,0,0,0
1649706138,378.55,0,70.00,0,0,0
1649706144,372.60,0,70.00,0,0,0
1649706149,373.39,0,70.00,0,0,0
1649706155,369.31,0,70.00,0,0,0
1649706160,370.49,0,70.00,0,0,0
1649706166,359.96,0,70.00,0,0,0
1649706171,345.92,0,70.00,0,0,0
1649706177,353.12,0,70.00,0,0,0
1649706182,376.06,0,70.00,0,0,0
1649706188,375.20,0,70.00,0,0,0
1649706193,369.89,0,70.00,0,0,0
1649706199,366.58,0,70.00,0,0,0
1649706204,366.20,0,70.00,0,0,0
1649706210,358.69,0,70.00,0,0,0
1649706215,353.75,0,70.00,0,0,0
1649706221,367.83,0,70.00,0,0,0
1649706227,368.36,0,70.00,0,0,0
1649706232,369.76,0,70.00,0,0,0
1649706238,365.39,0,70.00,0,0,0
1649706243,370.70,0,70.00,0,0,0
1649706249,368.21,0,70.00,0,0,0
1649706254,350.36,0,70.00,0,0,0
1649706260,349.24,0,70.00,0,0,0